date,stock_id,Trading_Volume,Trading_money,open,max,min,close,spread,Trading_turnover
2020-07-20,00878,85251099,1305198718,15.38,15.43,15.1,15.32,0.43,24861
2020-07-21,00878,102347500,1593006390,15.32,16.0,15.12,15.74,0.42,29248
2020-07-22,00878,94531477,1450003158,15.3,15.5,15.2,15.31,-0.43,28570
2020-07-23,00878,90737404,1371540432,15.15,15.17,15.05,15.14,-0.17,28070
2020-07-24,00878,81082771,1224336183,15.15,15.19,15.01,15.05,-0.09,28457
2020-07-27,00878,63772163,958286019,15.14,15.14,14.98,14.98,-0.07,24215
2020-07-28,00878,57983907,866028341,15.0,15.05,14.85,14.85,-0.13,23296
2020-07-29,00878,25375208,378112121,14.85,14.96,14.85,14.88,0.03,9239
2020-07-30,00878,20137890,301078581,14.96,15.01,14.89,15.0,0.12,6080
2020-07-31,00878,18111199,272363233,15.02,15.07,15.01,15.05,0.05,5860
2020-08-03,00878,26620086,399621545,15.06,15.08,14.97,14.98,-0.07,10003
2020-08-04,00878,31076653,465469976,14.99,15.03,14.94,15.02,0.04,6206
2020-08-05,00878,50629553,764871600,15.04,15.17,15.04,15.16,0.14,6837
2020-08-06,00878,21943256,333430797,15.21,15.26,15.15,15.15,-0.01,8075
2020-08-07,00878,14876417,224984497,15.16,15.19,15.08,15.1,-0.05,5757
2020-08-10,00878,9895318,149889596,15.15,15.16,15.11,15.14,0.04,3602
2020-08-11,00878,15819334,239072948,15.17,15.17,15.06,15.08,-0.06,6136
2020-08-12,00878,21106293,316782261,15.08,15.08,14.97,15.01,-0.07,7932
2020-08-13,00878,5012029,75552129,15.07,15.1,15.05,15.07,0.06,2172
2020-08-14,00878,9453444,142904600,15.08,15.15,15.05,15.14,0.07,2907
2020-08-17,00878,20573656,313560096,15.19,15.28,15.18,15.27,0.13,6622
2020-08-18,00878,15637697,238751867,15.3,15.31,15.2,15.27,0.0,5391
2020-08-19,00878,19879708,303238113,15.3,15.34,15.18,15.19,-0.08,9461
2020-08-20,00878,128324384,1912973585,15.17,15.17,14.76,14.87,-0.32,46556
2020-08-21,00878,44156469,657957015,14.98,15.0,14.84,14.9,0.03,16475
2020-08-24,00878,13089841,195157675,14.93,14.95,14.86,14.94,0.04,4934
2020-08-25,00878,11248996,168855582,14.99,15.05,14.96,15.0,0.06,3599
2020-08-26,00878,6069695,91109026,15.01,15.03,14.99,15.02,0.02,2854
2020-08-27,00878,12936911,193981258,15.06,15.06,14.96,14.99,-0.03,5307
2020-08-28,00878,12662546,189368423,14.97,15.0,14.93,14.97,-0.02,5741
2020-08-31,00878,30305158,451736899,15.0,15.02,14.87,14.87,-0.1,12670
2020-09-01,00878,26498597,393196853,14.88,14.88,14.81,14.85,-0.02,10548
2020-09-02,00878,25512542,378027112,14.89,14.9,14.79,14.83,-0.02,10471
2020-09-03,00878,11238659,167486555,14.86,14.97,14.84,14.88,0.05,3306
2020-09-04,00878,41951208,619283979,14.8,14.8,14.72,14.77,-0.11,16739
2020-09-07,00878,16940526,250981426,14.78,14.89,14.77,14.79,0.02,7460
2020-09-08,00878,5888051,87209688,14.83,14.85,14.79,14.81,0.02,2478
2020-09-09,00878,36227560,531699556,14.75,14.76,14.63,14.75,-0.06,14163
2020-09-10,00878,6865973,101452105,14.79,14.8,14.76,14.78,0.03,2855
2020-09-11,00878,13246790,195409291,14.78,14.8,14.73,14.76,-0.02,4905
2020-09-14,00878,7196666,106715622,14.79,14.86,14.79,14.86,0.1,2656
2020-09-15,00878,8655190,128765756,14.9,14.9,14.86,14.89,0.03,3319
2020-09-16,00878,9496541,141519996,14.91,14.92,14.89,14.89,0.0,3848
2020-09-17,00878,17464748,258817887,14.89,14.9,14.79,14.79,-0.1,5690
2020-09-18,00878,3801124,56321291,14.81,14.84,14.79,14.83,0.04,1621
2020-09-21,00878,17884425,264001184,14.84,14.85,14.72,14.73,-0.1,7630
2020-09-22,00878,24271741,355846418,14.72,14.72,14.63,14.65,-0.08,10329
2020-09-23,00878,20813889,304321468,14.66,14.7,14.6,14.6,-0.05,8751
2020-09-24,00878,44948207,647208214,14.51,14.53,14.32,14.33,-0.27,19522
2020-09-25,00878,23485066,335498779,14.34,14.4,14.2,14.24,-0.09,11503
2020-09-28,00878,8818715,127479868,14.29,14.52,14.29,14.5,0.26,4480
2020-09-29,00878,4905767,71369576,14.58,14.6,14.51,14.53,0.03,2169
2020-09-30,00878,5764314,84004190,14.53,14.61,14.53,14.58,0.05,2379
2020-10-05,00878,5027516,73221217,14.6,14.64,14.52,14.54,-0.04,2551
2020-10-06,00878,5321987,77705621,14.59,14.62,14.58,14.6,0.06,2551
2020-10-07,00878,4157637,60685324,14.61,14.62,14.56,14.6,0.0,1699
2020-10-08,00878,6100201,89236167,14.65,14.66,14.59,14.66,0.06,2055
2020-10-12,00878,5911203,86662575,14.67,14.7,14.63,14.65,-0.01,2658
2020-10-13,00878,3498665,51064953,14.65,14.66,14.57,14.62,-0.03,1763
2020-10-14,00878,4573800,67016598,14.62,14.69,14.62,14.64,0.02,1581
2020-10-15,00878,5061585,73738453,14.64,14.65,14.52,14.57,-0.07,2666
2020-10-16,00878,5950979,86472920,14.57,14.57,14.5,14.5,-0.07,3615
2020-10-19,00878,3462199,50412864,14.51,14.6,14.51,14.55,0.05,1480
2020-10-20,00878,3458418,50197152,14.55,14.55,14.5,14.51,-0.04,1809
2020-10-21,00878,6777004,98299180,14.53,14.53,14.47,14.5,-0.01,3008
2020-10-22,00878,3375634,48876028,14.5,14.5,14.46,14.5,0.0,1598
2020-10-23,00878,3291643,47810658,14.51,14.54,14.51,14.54,0.04,1170
2020-10-26,00878,3587945,52379064,14.58,14.63,14.57,14.6,0.06,1965
2020-10-27,00878,2612896,38026832,14.59,14.59,14.54,14.57,-0.03,1308
2020-10-28,00878,4724103,68810347,14.57,14.61,14.54,14.55,-0.02,1762
2020-10-29,00878,10193175,147720160,14.48,14.54,14.4,14.49,-0.06,4018
2020-10-30,00878,10373113,149627957,14.46,14.47,14.4,14.42,-0.07,2820
2020-11-02,00878,3270079,47136783,14.42,14.45,14.4,14.42,0.0,1680
2020-11-03,00878,6380409,92506987,14.43,14.54,14.43,14.51,0.09,2014
2020-11-04,00878,6396281,92956179,14.52,14.58,14.49,14.58,0.07,2133
2020-11-05,00878,5996652,87649249,14.59,14.64,14.59,14.61,0.03,1809
2020-11-06,00878,9880762,144677022,14.63,14.66,14.62,14.65,0.04,2805
2020-11-09,00878,20073590,296429508,14.73,14.8,14.72,14.76,0.11,3738
2020-11-10,00878,13110470,193817871,14.79,14.81,14.75,14.79,0.03,3599
2020-11-11,00878,32287373,481745918,14.81,14.99,14.8,14.99,0.2,8051
2020-11-12,00878,12366876,184783508,14.99,15.0,14.89,14.94,-0.05,3233
2020-11-13,00878,11871146,177353965,14.92,14.97,14.89,14.97,0.03,2980
2020-11-16,00878,57053989,860715396,15.01,15.11,15.01,15.1,0.13,13459
2020-11-17,00878,35754935,540503256,15.13,15.16,15.09,15.13,0.0,8990
2020-11-18,00878,30773558,467197559,15.12,15.22,15.1,15.22,0.09,8307
2020-11-19,00878,18481488,280926211,15.2,15.23,15.16,15.21,-0.01,5986
2020-11-20,00878,17255023,262312858,15.19,15.23,15.16,15.23,0.02,4716
2020-11-23,00878,28504113,438653638,15.3,15.44,15.3,15.4,0.17,7614
2020-11-24,00878,15810839,243422902,15.44,15.45,15.35,15.36,-0.04,4776
2020-11-25,00878,12737401,195739553,15.4,15.42,15.31,15.34,-0.02,3081
2020-11-26,00878,11855944,182291910,15.37,15.41,15.32,15.41,0.07,3614
2020-11-27,00878,14106194,217439528,15.4,15.43,15.38,15.43,0.02,3785
2020-11-30,00878,14305407,221567265,15.48,15.55,15.35,15.35,-0.08,4119
2020-12-01,00878,11801293,181904230,15.35,15.47,15.34,15.47,0.12,2985
2020-12-02,00878,17380263,269729260,15.5,15.56,15.47,15.54,0.07,4728
2020-12-03,00878,14003550,218652793,15.55,15.68,15.54,15.6,0.06,4401
2020-12-04,00878,13857155,217739905,15.66,15.76,15.64,15.76,0.16,4274
2020-12-07,00878,18098321,287247541,15.83,15.91,15.8,15.91,0.15,5220
2020-12-08,00878,18353490,292643539,15.91,16.0,15.86,16.0,0.09,5164
2020-12-09,00878,13354017,214416571,16.0,16.15,16.0,16.14,0.14,4647
2020-12-10,00878,16036870,256712982,16.13,16.13,15.94,15.98,-0.16,6047
2020-12-11,00878,13114762,208976179,15.98,16.07,15.82,15.98,0.0,4168
2020-12-14,00878,9354862,149472448,15.98,16.0,15.92,15.95,-0.03,2916
2020-12-15,00878,11195883,176689601,15.95,15.95,15.67,15.69,-0.26,4788
2020-12-16,00878,9503611,150809620,15.77,15.92,15.77,15.92,0.23,2982
2020-12-17,00878,7135652,113431966,15.93,15.93,15.85,15.91,-0.01,2134
2020-12-18,00878,5689817,90460666,15.91,15.93,15.86,15.86,-0.05,1691
2020-12-21,00878,5284940,83474097,15.86,15.86,15.69,15.84,-0.02,2235
2020-12-22,00878,7076720,111924329,15.82,15.88,15.69,15.7,-0.14,2500
2020-12-23,00878,6361837,99971072,15.68,15.79,15.65,15.74,0.04,2135
2020-12-24,00878,6769820,107244831,15.77,15.86,15.77,15.83,0.09,1591
2020-12-25,00878,6107167,97191972,15.88,15.95,15.88,15.89,0.06,1964
2020-12-28,00878,18003575,287915290,15.92,16.03,15.92,16.03,0.14,4681
2020-12-29,00878,6566917,105204528,16.06,16.09,15.99,16.02,-0.01,2146
2020-12-30,00878,12749339,205123473,16.02,16.17,16.0,16.16,0.14,3665
2020-12-31,00878,6492111,104094583,16.19,16.2,16.11,16.14,-0.02,2299
2021-01-04,00878,11126390,179926060,16.1,16.23,16.1,16.2,0.06,3335
2021-01-05,00878,14425860,233368627,16.2,16.22,16.11,16.21,0.01,3543
2021-01-06,00878,14275667,231253968,16.24,16.31,16.02,16.1,-0.11,4763
2021-01-07,00878,11841085,192138088,16.18,16.26,16.17,16.24,0.14,2954
2021-01-08,00878,15364332,251962168,16.32,16.5,16.3,16.5,0.26,4674
2021-01-11,00878,9055391,150511058,16.57,16.68,16.57,16.67,0.17,3472
2021-01-12,00878,8824506,146538812,16.69,16.73,16.51,16.56,-0.11,3583
2021-01-13,00878,11392667,191179889,16.59,16.89,16.59,16.87,0.31,3646
2021-01-14,00878,8253242,140009598,16.87,17.03,16.84,17.0,0.13,3226
2021-01-15,00878,10187961,172877468,17.07,17.15,16.84,16.87,-0.13,4871
2021-01-18,00878,10862090,180601782,16.86,16.86,16.43,16.7,-0.17,4918
2021-01-19,00878,5758154,96569507,16.72,16.8,16.72,16.76,0.06,2484
2021-01-20,00878,12923709,213565080,16.76,16.78,16.35,16.4,-0.36,6534
2021-01-21,00878,9132694,150883477,16.44,16.6,16.44,16.5,0.1,3254
2021-01-22,00878,7729084,128163475,16.5,16.69,16.48,16.65,0.15,2975
2021-01-25,00878,10284111,172216092,16.66,16.86,16.63,16.84,0.19,3314
2021-01-26,00878,6867553,115198680,16.86,16.91,16.63,16.68,-0.16,3779
2021-01-27,00878,12612291,211915319,16.7,16.88,16.7,16.81,0.13,3389
2021-01-28,00878,7877486,131015648,16.63,16.76,16.55,16.62,-0.19,3377
2021-01-29,00878,7095032,117194409,16.67,16.71,16.36,16.36,-0.26,3519
2021-02-01,00878,7702951,126014614,16.3,16.45,16.25,16.45,0.09,2730
2021-02-02,00878,5123577,85208644,16.51,16.68,16.5,16.61,0.16,2126
2021-02-03,00878,4062340,67703158,16.68,16.7,16.61,16.67,0.06,1816
2021-02-04,00878,3100784,51566774,16.67,16.68,16.57,16.62,-0.05,1758
2021-02-05,00878,11321405,189232427,16.7,16.78,16.68,16.74,0.12,4186
2021-02-17,00878,9017762,152551705,16.89,17.0,16.8,16.93,0.19,4481
2021-02-18,00878,7525056,127853894,16.95,17.05,16.93,16.99,0.06,2933
2021-02-19,00878,10205723,173354862,17.0,17.06,16.93,17.05,0.06,4109
2021-02-22,00878,8812386,151794807,17.08,17.29,17.08,17.25,0.2,3226
2021-02-23,00878,9962652,172794688,17.25,17.45,17.19,17.43,0.18,4469
2021-02-24,00878,15750157,274839370,17.48,17.55,17.34,17.37,-0.06,8062
2021-02-25,00878,7710943,134130689,17.38,17.48,17.36,17.43,0.0,4451
2021-02-26,00878,15199797,261042915,17.35,17.35,17.09,17.14,-0.29,7627
2021-03-02,00878,6006934,103343656,17.24,17.29,17.08,17.08,-0.06,3175
2021-03-03,00878,4607873,78955565,17.1,17.24,17.05,17.24,0.16,2207
2021-03-04,00878,9668427,164923931,17.23,17.23,16.98,17.1,-0.14,5082
2021-03-05,00878,6676301,113225026,16.99,17.07,16.88,17.0,-0.1,4041
2021-03-08,00878,4991438,85228894,17.08,17.18,17.0,17.02,0.02,3031
2021-03-09,00878,5057627,86290363,17.02,17.14,16.97,17.14,0.12,2202
2021-03-10,00878,2643170,45373974,17.19,17.2,17.15,17.16,0.02,1526
2021-03-11,00878,6545110,113708198,17.22,17.44,17.22,17.39,0.23,2354
2021-03-12,00878,6483812,113237180,17.45,17.5,17.41,17.5,0.11,2444
2021-03-15,00878,5283629,92879043,17.5,17.61,17.5,17.6,0.1,2371
2021-03-16,00878,5522245,97542022,17.61,17.69,17.61,17.65,0.05,3410
2021-03-17,00878,5397587,95195488,17.68,17.68,17.57,17.6,-0.05,2832
2021-03-18,00878,8000293,142045103,17.67,17.83,17.67,17.72,0.12,3437
2021-03-19,00878,4799012,84682101,17.72,17.72,17.6,17.67,-0.05,2567
2021-03-22,00878,4072612,72084152,17.67,17.76,17.61,17.74,0.07,2107
2021-03-23,00878,3273123,58251798,17.77,17.84,17.77,17.8,0.06,1657
2021-03-24,00878,3434903,61068080,17.8,17.81,17.75,17.78,-0.02,1816
2021-03-25,00878,4178641,74496978,17.78,17.88,17.77,17.85,0.07,2165
2021-03-26,00878,5200568,93341623,17.88,18.0,17.88,17.99,0.14,2946
2021-03-29,00878,6300573,114544115,18.04,18.25,18.04,18.21,0.22,3514
2021-03-30,00878,8041458,147528381,18.3,18.47,18.23,18.45,0.24,3647
2021-03-31,00878,10419208,192271208,18.45,18.53,18.39,18.39,-0.06,5201
2021-04-01,00878,5321475,98010687,18.4,18.46,18.39,18.42,0.03,2752
2021-04-06,00878,6211065,114983471,18.5,18.57,18.48,18.51,0.09,3508
2021-04-07,00878,5602505,103668603,18.51,18.56,18.46,18.53,0.02,3036
2021-04-08,00878,4439540,82317947,18.54,18.58,18.47,18.58,0.05,2459
2021-04-09,00878,6568590,121537627,18.59,18.6,18.44,18.51,-0.07,3626
2021-04-12,00878,4895029,90887980,18.51,18.6,18.51,18.56,0.05,2504
2021-04-13,00878,6941493,129026931,18.56,18.67,18.48,18.49,-0.07,3285
2021-04-14,00878,12426586,228937446,18.5,18.59,18.26,18.43,-0.06,6191
2021-04-15,00878,7142668,132033929,18.43,18.5,18.43,18.5,0.07,2284
2021-04-16,00878,8003871,149321661,18.52,18.73,18.52,18.73,0.23,3702
2021-04-19,00878,7882050,148847436,18.76,18.97,18.76,18.96,0.23,3778
2021-04-20,00878,7991945,151870261,19.0,19.05,18.97,19.01,0.05,3812
2021-04-21,00878,8390211,159288737,19.01,19.05,18.92,19.02,0.01,4109
2021-04-22,00878,12792179,242994596,19.05,19.14,18.82,18.9,-0.12,6624
2021-04-23,00878,6779940,128077500,18.9,18.95,18.83,18.94,0.04,3007
2021-04-26,00878,6689225,128061662,19.0,19.2,19.0,19.19,0.25,3783
2021-04-27,00878,4766427,91487074,19.19,19.24,19.16,19.22,0.03,2548
2021-04-28,00878,4563052,87498894,19.23,19.25,19.11,19.19,-0.03,2947
2021-04-29,00878,4880767,93477318,19.19,19.2,19.1,19.15,-0.04,2724
2021-05-03,00878,9256922,176621968,19.15,19.17,19.0,19.02,-0.13,4514
2021-05-04,00878,24309446,455689383,19.03,19.16,18.44,18.76,-0.26,11789
2021-05-05,00878,13263146,250266803,18.77,18.96,18.75,18.82,0.06,5974
2021-05-06,00878,11857991,224030073,18.86,19.01,18.72,18.87,0.05,5170
2021-05-07,00878,7703006,146838513,18.98,19.15,18.98,19.15,0.28,3318
2021-05-10,00878,9452493,181760726,19.22,19.28,19.15,19.26,0.11,3934
2021-05-11,00878,33036731,628512260,19.26,19.26,18.93,19.0,-0.26,13886
2021-05-12,00878,67671940,1220469732,18.63,18.63,17.29,17.92,-1.08,28066
2021-05-13,00878,25331463,449802574,17.5,18.12,17.25,17.83,-0.09,11416
2021-05-14,00878,28396393,512921084,18.0,18.24,17.96,18.05,0.22,10734
2021-05-17,00878,48838416,856039036,17.47,17.8,17.3,17.48,-0.57,20844
2021-05-18,00878,15167584,268390346,17.45,17.9,17.4,17.9,0.0,6588
2021-05-19,00878,9615559,171687650,17.9,17.98,17.71,17.88,-0.02,5035
2021-05-20,00878,9155477,162950252,17.88,17.94,17.69,17.78,-0.1,4898
2021-05-21,00878,9072159,163335846,18.07,18.2,17.85,17.96,0.18,3490
2021-05-24,00878,5719871,102115621,17.85,17.94,17.78,17.9,-0.06,3060
2021-05-25,00878,7466787,135037879,18.0,18.14,18.0,18.12,0.22,3082
2021-05-26,00878,5248764,94923313,18.15,18.18,18.04,18.1,-0.02,3325
2021-05-27,00878,6295624,112992422,18.04,18.04,17.86,18.01,-0.09,3368
2021-05-28,00878,7136458,129698845,18.11,18.22,18.07,18.19,0.18,3099
2021-05-31,00878,11825012,216304729,18.22,18.36,18.22,18.33,0.14,3519
2021-06-01,00878,6742398,124286679,18.4,18.48,18.37,18.47,0.14,3148
2021-06-02,00878,7838081,144358974,18.47,18.56,18.32,18.41,-0.06,4012
2021-06-03,00878,3881984,71536577,18.45,18.49,18.39,18.42,0.01,1840
2021-06-04,00878,7322099,134023724,18.39,18.39,18.26,18.32,-0.1,4111
2021-06-07,00878,8806598,160178401,18.33,18.34,18.01,18.25,-0.07,5404
2021-06-08,00878,4180016,76391378,18.28,18.34,18.24,18.27,0.02,2012
2021-06-09,00878,6331633,115130404,18.27,18.27,18.13,18.16,-0.11,3614
2021-06-10,00878,5405258,98460681,18.2,18.28,18.17,18.24,0.08,2613
2021-06-11,00878,5616358,102619562,18.26,18.33,18.23,18.26,0.02,2455
2021-06-15,00878,3985809,72795471,18.27,18.3,18.23,18.26,0.0,2418
2021-06-16,00878,5176598,94602235,18.26,18.32,18.24,18.28,0.02,3278
2021-06-17,00878,4779956,87336769,18.24,18.35,18.2,18.35,0.07,2289
2021-06-18,00878,4728295,86629848,18.36,18.37,18.28,18.3,-0.05,2657
2021-06-21,00878,11577797,209886234,18.27,18.27,18.06,18.14,-0.16,7585
2021-06-22,00878,7758412,140638275,18.27,18.27,18.09,18.09,-0.05,4409
2021-06-23,00878,4180954,75877864,18.12,18.21,18.08,18.2,0.11,2392
2021-06-24,00878,2467140,44937553,18.22,18.24,18.18,18.23,0.03,1435
2021-06-25,00878,5529132,100993481,18.28,18.3,18.2,18.25,0.02,2926
2021-06-28,00878,4908246,89649583,18.26,18.31,18.21,18.27,0.02,3108
2021-06-29,00878,7144889,130067309,18.28,18.28,18.17,18.2,-0.07,4200
2021-06-30,00878,4078292,74417162,18.23,18.29,18.21,18.23,0.03,2474
2021-07-01,00878,6320067,115185816,18.24,18.28,18.2,18.21,-0.02,3444
2021-07-02,00878,3298237,60127481,18.21,18.27,18.19,18.25,0.04,1842
2021-07-05,00878,8014774,147293723,18.25,18.42,18.25,18.38,0.13,3230
2021-07-06,00878,7174001,132091319,18.39,18.45,18.38,18.4,0.02,4179
2021-07-07,00878,5169798,95123447,18.4,18.44,18.36,18.39,-0.01,2677
2021-07-08,00878,5940539,109785300,18.43,18.55,18.42,18.45,0.06,2425
2021-07-09,00878,6494730,119400800,18.44,18.44,18.33,18.41,-0.04,3458
2021-07-12,00878,5242175,96940563,18.51,18.54,18.43,18.45,0.04,2794
2021-07-13,00878,5339667,98828879,18.5,18.55,18.44,18.47,0.02,2846
2021-07-14,00878,3771462,69615520,18.47,18.53,18.42,18.46,-0.01,2209
2021-07-15,00878,3930733,72597398,18.46,18.5,18.44,18.49,0.03,1939
2021-07-16,00878,4113295,76171988,18.49,18.55,18.45,18.54,0.05,2927
2021-07-19,00878,5441723,100503819,18.54,18.55,18.4,18.51,-0.03,3330
2021-07-20,00878,8232233,151381281,18.39,18.45,18.36,18.37,-0.14,5122
2021-07-21,00878,6263766,114910048,18.43,18.45,18.3,18.32,-0.05,4533
2021-07-22,00878,3614536,66621676,18.34,18.48,18.34,18.4,0.08,1843
2021-07-23,00878,3020851,55703770,18.41,18.5,18.4,18.42,0.02,1637
2021-07-26,00878,6544839,120548743,18.46,18.49,18.37,18.39,-0.03,3852
2021-07-27,00878,5549332,101967235,18.41,18.45,18.33,18.35,-0.04,2626
2021-07-28,00878,16456102,298777236,18.32,18.32,18.07,18.17,-0.18,8700
2021-07-29,00878,3803968,69424261,18.21,18.29,18.19,18.29,0.12,1763
2021-07-30,00878,4217181,77154171,18.29,18.35,18.25,18.26,-0.03,2290
2021-08-02,00878,4128066,75800193,18.28,18.44,18.28,18.44,0.18,1787
2021-08-03,00878,9887997,182456493,18.5,18.52,18.41,18.49,0.05,3914
2021-08-04,00878,6726117,124877247,18.5,18.61,18.5,18.59,0.1,2880
2021-08-05,00878,6628818,123537668,18.61,18.66,18.6,18.64,0.05,2916
2021-08-06,00878,7119292,132333142,18.65,18.65,18.52,18.63,-0.01,4242
2021-08-09,00878,12105265,223974952,18.63,18.63,18.42,18.51,-0.12,5704
2021-08-10,00878,21547407,398012191,18.6,18.6,18.42,18.45,-0.06,9174
2021-08-11,00878,16000877,294456820,18.45,18.47,18.33,18.42,-0.03,6832
2021-08-12,00878,18271358,335855941,18.43,18.47,18.34,18.35,-0.07,7787
2021-08-13,00878,26144769,477171818,18.35,18.38,18.22,18.24,-0.11,12598
2021-08-16,00878,36541481,661970474,18.2,18.2,18.04,18.2,-0.04,17798
2021-08-17,00878,40187828,714399470,17.92,17.92,17.73,17.73,0.0,22912
2021-08-18,00878,20385072,359942224,17.7,17.86,17.55,17.86,0.13,10280
2021-08-19,00878,26316312,463039950,17.82,17.82,17.52,17.56,-0.3,16436
2021-08-20,00878,18053459,314962117,17.56,17.63,17.35,17.46,-0.1,10698
2021-08-23,00878,11249869,198752283,17.56,17.73,17.56,17.66,0.2,5660
2021-08-24,00878,7280197,129072064,17.76,17.77,17.69,17.76,0.1,4115
2021-08-25,00878,7703581,137463351,17.78,17.89,17.77,17.86,0.1,4475
2021-08-26,00878,12127963,215713673,17.9,17.9,17.75,17.8,-0.06,7145
2021-08-27,00878,7038740,126177947,17.8,18.0,17.77,17.98,0.18,3005
2021-08-30,00878,7845117,141640006,18.01,18.12,18.0,18.12,0.14,3675
2021-08-31,00878,8588226,155134683,18.12,18.18,18.0,18.18,0.06,4174
2021-09-01,00878,7367029,133915283,18.15,18.21,18.14,18.19,0.01,3664
2021-09-02,00878,10211576,184699505,18.17,18.18,18.0,18.05,-0.14,5788
2021-09-03,00878,9225346,167239363,18.1,18.2,18.07,18.15,0.1,4422
2021-09-06,00878,10415240,189314431,18.15,18.25,18.1,18.15,0.0,5957
2021-09-07,00878,6885438,124732604,18.15,18.17,18.05,18.15,0.0,3642
2021-09-08,00878,18828894,339220279,18.15,18.15,17.96,18.02,-0.13,10081
2021-09-09,00878,7481073,134445645,17.97,18.03,17.9,18.01,-0.01,4053
2021-09-10,00878,5113650,92632380,18.03,18.17,18.02,18.15,0.14,2410
2021-09-13,00878,8418696,153083710,18.15,18.24,18.12,18.2,0.05,3726
2021-09-14,00878,5277324,96371706,18.21,18.3,18.21,18.25,0.05,2429
2021-09-15,00878,6081746,110751214,18.25,18.26,18.15,18.24,-0.01,3300
2021-09-16,00878,8014213,146061329,18.25,18.28,18.18,18.25,0.01,4448
2021-09-17,00878,7708885,141094864,18.25,18.36,18.2,18.3,0.05,3235
2021-09-22,00878,20784953,374922908,18.03,18.13,17.95,18.12,-0.18,11881
2021-09-23,00878,6795810,124110391,18.25,18.31,18.18,18.3,0.18,3038
2021-09-24,00878,7843376,144251363,18.42,18.45,18.34,18.35,0.05,3065
2021-09-27,00878,6761204,124566680,18.38,18.46,18.35,18.42,0.07,4115
2021-09-28,00878,8151108,149307587,18.4,18.4,18.23,18.37,-0.05,3757
2021-09-29,00878,21387622,388470128,18.23,18.23,18.12,18.16,-0.21,10917
2021-09-30,00878,6475286,117636909,18.15,18.23,18.11,18.21,0.05,2867
2021-10-01,00878,30225204,544586157,18.14,18.14,17.99,18.03,-0.18,17537
2021-10-04,00878,22051275,396117125,18.06,18.09,17.9,17.95,-0.08,14057
2021-10-05,00878,22402272,400448901,17.9,17.99,17.77,17.96,0.01,12843
2021-10-06,00878,15487143,278004316,18.01,18.04,17.91,17.99,0.03,8580
2021-10-07,00878,9501932,172788305,18.05,18.22,18.05,18.2,0.21,3640
2021-10-08,00878,8985907,163583506,18.26,18.26,18.16,18.18,-0.02,3322
2021-10-12,00878,13795027,248625359,18.13,18.13,17.93,18.06,-0.12,6640
2021-10-13,00878,9719687,175320452,18.08,18.17,17.99,18.03,-0.03,5173
2021-10-14,00878,6333255,114463779,18.13,18.16,18.02,18.05,0.02,2399
2021-10-15,00878,6422199,116555101,18.15,18.2,18.08,18.16,0.11,3013
2021-10-18,00878,7590627,138193133,18.22,18.26,18.16,18.18,0.02,4685
2021-10-19,00878,5181662,94291188,18.21,18.24,18.14,18.19,0.01,2561
2021-10-20,00878,6685341,121621667,18.2,18.23,18.18,18.19,0.0,3175
2021-10-21,00878,9096785,165674474,18.19,18.28,18.15,18.18,-0.01,4039
2021-10-22,00878,7640766,139029825,18.2,18.23,18.15,18.19,0.01,2944
2021-10-25,00878,8256351,150430554,18.2,18.26,18.16,18.24,0.05,4102
2021-10-26,00878,9299726,170283957,18.25,18.35,18.25,18.33,0.09,4423
2021-10-27,00878,6541668,119844086,18.32,18.37,18.28,18.36,0.03,3155
2021-10-28,00878,5760226,105868400,18.36,18.41,18.33,18.38,0.02,2747
2021-10-29,00878,12561849,229822545,18.38,18.38,18.24,18.32,-0.06,5276
2021-11-01,00878,7049051,129119161,18.32,18.37,18.3,18.32,0.0,3800
2021-11-02,00878,19822935,364477663,18.4,18.46,18.32,18.34,0.02,8436
2021-11-03,00878,13476176,247763138,18.4,18.42,18.36,18.41,0.07,5050
2021-11-04,00878,13222948,243831959,18.46,18.47,18.41,18.42,0.01,5506
2021-11-05,00878,15075721,277312466,18.43,18.44,18.35,18.44,0.02,6999
2021-11-08,00878,16192339,299774246,18.49,18.55,18.45,18.55,0.11,6846
2021-11-09,00878,18098355,336979978,18.6,18.65,18.58,18.65,0.1,6627
2021-11-10,00878,15024324,280577134,18.67,18.7,18.65,18.69,0.04,6295
2021-11-11,00878,16570154,309278443,18.69,18.69,18.62,18.67,-0.02,6746
2021-11-12,00878,17541019,328156084,18.7,18.73,18.69,18.73,0.06,5424
2021-11-15,00878,39297180,740528752,18.81,18.88,18.8,18.85,0.12,12412
2021-11-16,00878,52284392,972910756,18.66,18.67,18.56,18.58,0.0,23458
2021-11-17,00878,19156410,356693243,18.6,18.67,18.57,18.65,0.07,6430
2021-11-18,00878,15227922,285500364,18.68,18.8,18.67,18.77,0.12,5241
2021-11-19,00878,14496790,271509927,18.8,18.82,18.68,18.71,-0.06,8388
2021-11-22,00878,7837434,146764508,18.72,18.75,18.7,18.74,0.03,3989
2021-11-23,00878,13440152,250348962,18.69,18.69,18.56,18.62,-0.12,7858
2021-11-24,00878,7639807,142588108,18.62,18.7,18.61,18.67,0.05,3240
2021-11-25,00878,6206120,115995357,18.68,18.72,18.65,18.72,0.05,3357
2021-11-26,00878,33548919,622076041,18.68,18.68,18.49,18.49,-0.23,20015
2021-11-29,00878,23844150,438175818,18.39,18.46,18.25,18.4,-0.09,12843
2021-11-30,00878,10703713,197887301,18.47,18.53,18.4,18.42,0.02,5267
2021-12-01,00878,7733286,142772488,18.36,18.57,18.34,18.55,0.13,3745
2021-12-02,00878,7335365,135946958,18.5,18.6,18.44,18.55,0.0,3982
2021-12-03,00878,7694370,143294404,18.57,18.66,18.55,18.66,0.11,3670
2021-12-06,00878,10366673,193163596,18.63,18.7,18.5,18.7,0.04,6535
2021-12-07,00878,10601080,198261397,18.7,18.77,18.61,18.76,0.06,4080
2021-12-08,00878,13255400,249345578,18.81,18.85,18.76,18.8,0.04,4376
2021-12-09,00878,12078658,227244226,18.8,18.84,18.77,18.82,0.02,3614
2021-12-10,00878,12293167,231737976,18.82,18.89,18.8,18.84,0.02,4557
2021-12-13,00878,12156706,229455754,18.85,18.93,18.82,18.82,-0.02,5878
2021-12-14,00878,15448946,288888528,18.81,18.81,18.66,18.7,-0.12,8187
2021-12-15,00878,8346393,156316589,18.7,18.78,18.66,18.74,0.04,4142
2021-12-16,00878,10397059,195872937,18.85,18.88,18.8,18.85,0.11,4853
2021-12-17,00878,8004740,150901154,18.85,18.88,18.81,18.86,0.01,3911
2021-12-20,00878,15361211,288190374,18.85,18.85,18.71,18.75,-0.11,8727
2021-12-21,00878,7625601,143622668,18.75,18.89,18.74,18.84,0.09,3534
2021-12-22,00878,6552996,123709177,18.88,18.9,18.85,18.87,0.03,2804
2021-12-23,00878,8838825,167249157,18.9,18.96,18.9,18.91,0.04,3648
2021-12-24,00878,7230053,137130544,18.99,18.99,18.94,18.94,0.03,3464
2021-12-27,00878,10162074,193164253,18.96,19.03,18.96,19.02,0.08,6302
2021-12-28,00878,11391516,217378424,19.05,19.11,19.05,19.1,0.08,4395
2021-12-29,00878,11342814,217069113,19.1,19.19,19.1,19.17,0.07,4325
2021-12-30,00878,8930953,171081041,19.17,19.18,19.14,19.17,0.0,4524
2022-01-03,00878,20083556,384183287,19.2,19.25,19.06,19.1,-0.07,9430
2022-01-04,00878,12709620,243335167,19.1,19.19,19.1,19.18,0.08,4417
2022-01-05,00878,11167650,214187399,19.18,19.22,19.11,19.17,-0.01,5559
2022-01-06,00878,15722767,300966695,19.14,19.2,19.1,19.15,-0.02,8089
2022-01-07,00878,15095039,288949194,19.2,19.27,19.07,19.11,-0.04,6733
2022-01-10,00878,11992294,229362661,19.16,19.18,19.06,19.17,0.06,5082
2022-01-11,00878,11882598,228239234,19.17,19.3,19.13,19.25,0.08,4885
2022-01-12,00878,12248373,236622933,19.29,19.35,19.29,19.35,0.1,4112
2022-01-13,00878,12894566,250627067,19.37,19.49,19.37,19.48,0.13,5609
2022-01-14,00878,19741873,382050159,19.47,19.47,19.27,19.4,-0.08,8925
2022-01-17,00878,14156020,274154235,19.4,19.41,19.34,19.37,-0.03,8775
2022-01-18,00878,11781490,229327198,19.4,19.51,19.4,19.44,0.07,3749
2022-01-19,00878,15585285,302795078,19.4,19.46,19.34,19.41,-0.03,5785
2022-01-20,00878,8064372,156401199,19.41,19.44,19.35,19.41,0.0,4430
2022-01-21,00878,36100478,693057454,19.36,19.36,19.14,19.17,-0.24,19082
2022-01-24,00878,23183271,441557105,19.11,19.16,18.96,19.16,-0.01,12032
2022-01-25,00878,35811289,678587859,19.01,19.02,18.91,18.96,-0.2,21288
2022-01-26,00878,14825749,281812026,18.9,19.06,18.9,19.01,0.05,8918
2022-02-07,00878,24269171,465484140,19.18,19.31,19.05,19.29,0.28,11807
2022-02-08,00878,27442141,533048128,19.4,19.5,19.35,19.48,0.19,10777
2022-02-09,00878,29718069,580800775,19.52,19.6,19.49,19.6,0.12,10297
2022-02-10,00878,27864355,545540772,19.65,19.66,19.53,19.65,0.05,12236
2022-02-11,00878,30473871,596278123,19.56,19.62,19.52,19.62,-0.03,13243
2022-02-14,00878,68596266,1331743707,19.53,19.56,19.35,19.48,-0.14,25902
2022-02-15,00878,61490643,1197912587,19.5,19.59,19.41,19.44,-0.04,19073
2022-02-16,00878,36433132,711641598,19.58,19.59,19.49,19.52,0.08,12847
2022-02-17,00878,37056558,726939749,19.58,19.68,19.56,19.62,0.1,12328
2022-02-18,00878,68560252,1347579392,19.56,19.72,19.51,19.7,0.08,17163
2022-02-21,00878,103146871,2032853609,19.7,19.78,19.61,19.75,0.05,30233
2022-02-22,00878,122747853,2381290437,19.42,19.46,19.36,19.36,0.0,63003
2022-02-23,00878,60950557,1177548781,19.34,19.38,19.29,19.34,-0.02,30022
2022-02-24,00878,121258176,2317797666,19.27,19.27,19.01,19.01,-0.33,65286
2022-02-25,00878,80813566,1535914127,19.09,19.18,18.94,19.02,0.01,38854
2022-03-01,00878,28760041,553827217,19.12,19.31,19.1,19.29,0.27,12807
2022-03-02,00878,21708976,417731077,19.27,19.31,19.2,19.29,0.0,9255
2022-03-03,00878,16166518,312889006,19.36,19.39,19.32,19.34,0.05,7259
2022-03-04,00878,38554000,740412148,19.22,19.27,19.12,19.19,-0.15,19812
2022-03-07,00878,122585168,2307842375,19.0,19.02,18.76,18.8,-0.39,66906
2022-03-08,00878,108346456,2010040228,18.56,18.69,18.46,18.49,-0.31,61814
2022-03-09,00878,34858822,649321092,18.6,18.7,18.56,18.63,0.14,17416
2022-03-10,00878,28406606,538015202,18.88,18.99,18.85,18.96,0.33,11709
2022-03-11,00878,22939675,433624723,18.96,18.97,18.87,18.88,-0.08,11618
2022-03-14,00878,18939643,358742241,18.92,19.01,18.88,19.0,0.12,8851
2022-03-15,00878,32417569,611048253,18.99,18.99,18.79,18.85,-0.15,17253
2022-03-16,00878,21317623,403195663,18.99,19.0,18.84,18.99,0.14,9384
2022-03-17,00878,29179466,560272128,19.19,19.28,19.09,19.23,0.24,8248
2022-03-18,00878,17641995,339005458,19.24,19.26,19.18,19.23,0.0,6871
2022-03-21,00878,18051154,348142472,19.26,19.34,19.23,19.26,0.03,7572
2022-03-22,00878,16192654,311844619,19.28,19.29,19.23,19.29,0.03,5408
2022-03-23,00878,20685552,400931049,19.34,19.42,19.34,19.39,0.1,8786
2022-03-24,00878,12943161,250356840,19.36,19.39,19.28,19.38,-0.01,6024
2022-03-25,00878,17590698,339640002,19.36,19.38,19.27,19.32,-0.06,9566
2022-03-28,00878,31918050,612199580,19.23,19.31,19.11,19.31,-0.01,16929
2022-03-29,00878,14942565,288133071,19.32,19.33,19.25,19.26,-0.05,8282
2022-03-30,00878,15070873,291823991,19.34,19.4,19.33,19.37,0.11,5783
2022-03-31,00878,18080369,350658326,19.38,19.42,19.35,19.35,-0.02,7056
2022-04-01,00878,19583848,377728106,19.27,19.34,19.2,19.34,-0.01,9584
2022-04-06,00878,27179599,525168377,19.3,19.41,19.24,19.4,0.06,14848
2022-04-07,00878,38663608,746727298,19.35,19.42,19.23,19.23,-0.17,20989
2022-04-08,00878,15626889,301040098,19.3,19.33,19.2,19.32,0.09,7414
2022-04-11,00878,40635162,780921760,19.34,19.39,19.12,19.2,-0.12,22112
2022-04-12,00878,36206853,692449740,19.18,19.18,19.1,19.11,-0.09,21484
2022-04-13,00878,16387608,315329722,19.18,19.29,19.17,19.27,0.16,7785
2022-04-14,00878,29080630,557550427,19.29,19.29,19.12,19.12,-0.15,14969
2022-04-15,00878,38370033,730467594,19.08,19.11,19.0,19.03,-0.09,23858
2022-04-18,00878,66339977,1254901713,19.0,19.0,18.85,18.92,-0.11,38002
2022-04-19,00878,21672446,411735365,18.95,19.07,18.95,18.95,0.03,10627
2022-04-20,00878,27547257,521207396,18.97,19.0,18.87,18.97,0.02,14426
2022-04-21,00878,19840675,376514112,19.03,19.05,18.95,18.97,0.0,9742
2022-04-22,00878,34841943,657529940,18.85,19.01,18.8,19.0,0.03,16642
2022-04-25,00878,77150627,1444669925,18.76,18.79,18.66,18.75,-0.25,44382
2022-04-26,00878,24546644,461759763,18.79,18.87,18.77,18.8,0.05,12712
2022-04-27,00878,66854455,1244438039,18.65,18.68,18.55,18.6,-0.2,38148
2022-04-28,00878,28628605,532437052,18.6,18.69,18.53,18.67,0.07,14049
2022-04-29,00878,31496676,591580793,18.79,18.85,18.72,18.82,0.15,9827
2022-05-03,00878,27384578,513219289,18.82,18.82,18.69,18.75,-0.07,15526
2022-05-04,00878,42647226,801867815,18.81,18.84,18.76,18.83,0.08,16955
2022-05-05,00878,38382232,725958774,19.0,19.02,18.84,18.87,0.04,15817
2022-05-06,00878,93867803,1748845871,18.61,18.7,18.56,18.67,-0.2,42689
2022-05-09,00878,122213360,2250394090,18.6,18.6,18.34,18.34,-0.33,66878
2022-05-10,00878,59279110,1081058772,18.23,18.37,18.11,18.34,0.0,27832
2022-05-11,00878,53430112,972568555,18.29,18.3,18.16,18.18,-0.16,30782
2022-05-12,00878,114821738,2063872923,18.14,18.14,17.83,17.83,-0.35,69854
2022-05-13,00878,45342749,811834303,17.9,17.98,17.84,17.9,0.07,21066
2022-05-16,00878,87731174,1568779265,18.07,18.08,17.77,17.9,0.0,41564
2022-05-17,00878,82328396,1474817217,17.93,17.96,17.89,17.89,-0.01,33428
2022-05-18,00878,69544324,1227749549,17.6,17.77,17.58,17.74,0.0,34099
2022-05-19,00878,54147818,948481446,17.56,17.57,17.47,17.53,-0.21,32513
2022-05-20,00878,19665400,346009046,17.61,17.65,17.55,17.59,0.06,11178
2022-05-23,00878,40207718,703662969,17.65,17.65,17.42,17.5,-0.09,24984
2022-05-24,00878,50314848,876648244,17.5,17.53,17.38,17.38,-0.12,34054
2022-05-25,00878,20541009,357620973,17.38,17.5,17.34,17.48,0.1,10784
2022-05-26,00878,31175900,544873878,17.54,17.58,17.41,17.42,-0.06,18546
2022-05-27,00878,20447377,359630101,17.52,17.63,17.51,17.6,0.18,8164
2022-05-30,00878,28158486,501439818,17.76,17.86,17.75,17.86,0.26,10755
2022-05-31,00878,32762470,582634806,17.8,17.87,17.68,17.87,0.01,11329
2022-06-01,00878,35150818,630726375,17.86,18.0,17.83,17.9,0.03,14240
2022-06-02,00878,25168659,448702963,17.82,17.88,17.76,17.82,-0.08,14004
2022-06-06,00878,32215968,572704312,17.82,17.85,17.7,17.8,-0.02,18834
2022-06-07,00878,27304125,484069749,17.76,17.78,17.68,17.71,-0.09,15576
2022-06-08,00878,14064241,250578049,17.8,17.85,17.79,17.8,0.09,6569
2022-06-09,00878,27319025,483895776,17.77,17.77,17.69,17.7,-0.1,15756
2022-06-10,00878,32743046,576419091,17.58,17.66,17.52,17.61,-0.09,19328
2022-06-13,00878,84925218,1470478802,17.37,17.4,17.26,17.34,-0.27,46799
2022-06-14,00878,43764748,756723379,17.3,17.4,17.23,17.35,0.01,20956
2022-06-15,00878,20428530,354371013,17.35,17.4,17.31,17.32,-0.03,13919
2022-06-16,00878,35001122,607304748,17.5,17.55,17.23,17.25,-0.07,20588
2022-06-17,00878,91280631,1557100374,17.1,17.14,17.0,17.08,-0.17,51629
2022-06-20,00878,84640383,1434750163,17.05,17.12,16.82,16.82,-0.26,51133
2022-06-21,00878,29716945,506828781,16.97,17.2,16.91,17.18,0.36,12720
2022-06-22,00878,43094184,732839540,17.18,17.19,16.92,16.95,-0.23,25624
2022-06-23,00878,39146125,664952071,17.03,17.13,16.9,16.96,0.01,16554
2022-06-24,00878,24405732,417211806,17.09,17.19,17.01,17.06,0.1,8657
2022-06-27,00878,27808304,479216141,17.22,17.28,17.19,17.21,0.15,11704
2022-06-28,00878,23037971,394465787,17.23,17.23,17.07,17.11,-0.1,14486
2022-06-29,00878,29269278,497834066,17.0,17.05,16.97,17.02,-0.09,14517
2022-06-30,00878,103350566,1731195914,16.99,16.99,16.66,16.66,-0.36,61559
2022-07-01,00878,89260485,1471792467,16.67,16.68,16.39,16.39,-0.27,46818
2022-07-04,00878,51559182,844852755,16.45,16.6,16.29,16.35,-0.04,21256
2022-07-05,00878,42935241,703563798,16.57,16.63,16.26,16.4,0.05,18036
2022-07-06,00878,68824538,1112571025,16.42,16.42,16.06,16.06,-0.34,44206
2022-07-07,00878,40993747,660215191,16.11,16.28,15.95,16.21,0.15,15972
2022-07-08,00878,40852538,665525336,16.32,16.39,16.19,16.26,0.05,15457
2022-07-11,00878,25523388,414157891,16.35,16.35,16.17,16.2,-0.06,14319
2022-07-12,00878,73312615,1170607354,16.12,16.13,15.9,15.97,-0.23,42032
2022-07-13,00878,36099220,588574223,16.28,16.38,16.24,16.31,0.34,14615
2022-07-14,00878,49990308,816060855,16.25,16.38,16.21,16.34,0.03,9810
2022-07-15,00878,49782095,807642561,16.36,16.36,16.18,16.18,-0.16,25366
2022-07-18,00878,30550852,496670751,16.3,16.34,16.15,16.31,0.13,12761
2022-07-19,00878,21112917,344440990,16.31,16.35,16.22,16.31,0.0,8538
2022-07-20,00878,40467429,667202801,16.5,16.55,16.41,16.42,0.11,16507
2022-07-21,00878,23405785,385725875,16.46,16.58,16.37,16.56,0.14,9341
2022-07-22,00878,27370249,452719938,16.6,16.6,16.48,16.58,0.02,11070
2022-07-25,00878,24522854,408432348,16.58,16.73,16.51,16.7,0.12,11904
2022-07-26,00878,30851707,514033330,16.69,16.72,16.62,16.64,-0.06,15684
2022-07-27,00878,19662844,328134657,16.65,16.75,16.63,16.74,0.1,7527
2022-07-28,00878,36533363,614749607,16.87,16.87,16.79,16.81,0.07,13083
2022-07-29,00878,34826882,588780718,16.92,16.96,16.86,16.9,0.09,12421
2022-08-01,00878,34230539,579234267,16.9,16.96,16.85,16.94,0.04,13265
2022-08-02,00878,73682548,1237948742,16.88,16.88,16.75,16.79,-0.15,34768
2022-08-03,00878,51715167,866620097,16.8,16.82,16.71,16.75,-0.04,23994
2022-08-04,00878,52331395,875312245,16.8,16.8,16.63,16.77,0.02,22276
2022-08-05,00878,34827756,589987306,16.86,17.0,16.86,16.97,0.2,12836
2022-08-08,00878,43792703,744241103,16.97,17.07,16.91,17.05,0.08,16752
2022-08-09,00878,40894444,699080457,17.05,17.19,17.01,17.15,0.1,13451
2022-08-10,00878,52439616,897069816,17.12,17.15,17.05,17.1,-0.05,22341
2022-08-11,00878,43129190,745855897,17.28,17.33,17.25,17.29,0.19,14018
2022-08-12,00878,45850326,793522689,17.37,17.37,17.26,17.32,0.03,15274
2022-08-15,00878,102936813,1786264619,17.43,17.43,17.31,17.33,0.01,33071
2022-08-16,00878,91806853,1568858109,17.09,17.13,17.05,17.12,0.0,42219
2022-08-17,00878,45753825,783079407,17.12,17.14,17.09,17.11,-0.01,16442
2022-08-18,00878,36065571,616813558,17.11,17.15,17.05,17.15,0.04,14280
2022-08-19,00878,36313080,623416233,17.17,17.21,17.13,17.17,0.02,13555
2022-08-22,00878,44853580,768808487,17.1,17.19,17.06,17.17,0.0,19016
2022-08-23,00878,88847949,1516919839,17.14,17.14,17.03,17.03,-0.14,47000
2022-08-24,00878,52773853,898375218,17.03,17.1,17.0,17.0,-0.03,25817
2022-08-25,00878,26458115,452219778,17.09,17.15,17.02,17.07,0.07,11845
2022-08-26,00878,32379011,555980811,17.17,17.19,17.15,17.15,0.08,13029
2022-08-29,00878,136573357,2311059893,16.9,17.02,16.84,16.91,-0.24,68283
2022-08-30,00878,50055833,848765126,16.94,17.06,16.9,16.98,0.07,23163
2022-08-31,00878,41233271,700375945,16.96,17.05,16.92,17.03,0.05,14237
2022-09-01,00878,137604934,2318785993,16.92,16.93,16.81,16.85,-0.18,67702
2022-09-02,00878,77200714,1298751354,16.89,16.89,16.8,16.8,-0.05,39801
2022-09-05,00878,35458396,597148963,16.8,16.89,16.8,16.84,0.04,18412
2022-09-06,00878,36296983,611924975,16.89,16.95,16.81,16.84,0.0,19649
2022-09-07,00878,91760447,1533472245,16.8,16.8,16.66,16.69,-0.15,57020
2022-09-08,00878,31819566,535670615,16.76,16.95,16.74,16.94,0.25,11898
2022-09-12,00878,33382551,570495693,17.12,17.14,17.01,17.1,0.16,11799
2022-09-13,00878,25633960,440256950,17.15,17.2,17.15,17.18,0.08,10993
2022-09-14,00878,55920711,948852831,16.88,17.02,16.87,16.96,-0.22,31409
2022-09-15,00878,23793893,405224551,16.98,17.1,16.94,17.06,0.1,11396
2022-09-16,00878,69186687,1170545828,16.98,16.99,16.89,16.9,-0.16,40914
2022-09-19,00878,40475982,683679001,16.94,16.95,16.85,16.88,-0.02,23788
2022-09-20,00878,18616572,314834044,16.92,16.95,16.88,16.92,0.04,10860
2022-09-21,00878,73918839,1243599234,16.91,16.91,16.78,16.8,-0.12,46115
2022-09-22,00878,107076669,1775109570,16.67,16.68,16.51,16.62,-0.18,59056
2022-09-23,00878,68817545,1141473140,16.63,16.66,16.52,16.56,-0.06,40406
2022-09-26,00878,147535022,2409005608,16.41,16.44,16.29,16.29,-0.27,83453
2022-09-27,00878,59566989,969473387,16.35,16.41,16.22,16.27,-0.02,34800
2022-09-28,00878,108007453,1738101611,16.33,16.35,16.01,16.05,-0.22,55912
2022-09-29,00878,77998919,1257547292,16.21,16.25,16.02,16.11,0.06,24988
2022-09-30,00878,80432540,1287406463,16.0,16.07,15.97,16.04,-0.07,36884
2022-10-03,00878,95201530,1513434762,15.91,15.97,15.86,15.87,-0.17,57949
2022-10-04,00878,43050156,691993698,16.03,16.13,16.0,16.08,0.21,15764
2022-10-05,00878,43943534,712805853,16.19,16.26,16.15,16.21,0.13,20303
2022-10-06,00878,42104404,682674756,16.25,16.28,16.17,16.18,-0.03,17888
2022-10-07,00878,35776746,575901633,16.15,16.15,16.07,16.07,-0.11,23897
2022-10-11,00878,141896628,2243518916,15.87,15.87,15.77,15.78,-0.29,88232
2022-10-12,00878,49560827,783321317,15.79,15.91,15.72,15.86,0.08,25271
2022-10-13,00878,101086601,1586113522,15.85,15.86,15.62,15.63,-0.23,61332
2022-10-14,00878,43073199,679355563,15.89,15.89,15.7,15.7,0.07,20422
2022-10-17,00878,87442813,1359385689,15.61,15.63,15.47,15.58,-0.12,44541
2022-10-18,00878,45892324,716848296,15.8,15.8,15.54,15.61,0.03,20435
2022-10-19,00878,35713103,558836603,15.62,15.74,15.6,15.6,-0.01,16663
2022-10-20,00878,63944446,984367513,15.45,15.54,15.33,15.51,-0.09,33844
2022-10-21,00878,32635006,506615964,15.51,15.6,15.47,15.5,-0.01,14659
2022-10-24,00878,37011371,575282765,15.7,15.72,15.47,15.49,-0.01,18602
2022-10-25,00878,48101031,742464614,15.53,15.58,15.36,15.44,-0.05,25455
2022-10-26,00878,29029460,451213484,15.5,15.62,15.42,15.58,0.14,11356
2022-10-27,00878,21914012,343375880,15.65,15.72,15.63,15.64,0.06,10226
2022-10-28,00878,29313475,457492732,15.64,15.68,15.55,15.6,-0.04,17264
2022-10-31,00878,26649653,418555524,15.68,15.74,15.63,15.7,0.1,10796
2022-11-01,00878,26952494,425162541,15.74,15.82,15.69,15.79,0.09,11708
2022-11-02,00878,59815175,945326649,15.85,15.86,15.78,15.82,0.03,25985
2022-11-03,00878,49228320,773918132,15.69,15.8,15.65,15.78,-0.04,23410
2022-11-04,00878,39681319,624882167,15.75,15.84,15.68,15.84,0.06,17078
2022-11-07,00878,41399568,662042806,15.96,16.06,15.91,16.05,0.21,19470
2022-11-08,00878,43783326,706675323,16.17,16.18,16.1,16.15,0.1,17935
2022-11-09,00878,37440266,608377737,16.24,16.29,16.17,16.26,0.11,15388
2022-11-10,00878,41297711,668559314,16.24,16.25,16.15,16.17,-0.09,24226
2022-11-11,00878,59192850,973476755,16.51,16.52,16.31,16.48,0.31,19203
2022-11-14,00878,71685768,1195880267,16.58,16.76,16.56,16.74,0.26,27040
2022-11-15,00878,81526839,1363504125,16.74,16.78,16.6,16.77,0.03,29021
2022-11-16,00878,85966069,1416197634,16.55,16.56,16.41,16.42,0.0,43845
2022-11-17,00878,44708834,730492574,16.42,16.43,16.27,16.37,-0.05,24893
2022-11-18,00878,56064071,913599168,16.37,16.43,16.24,16.25,-0.12,30658
2022-11-21,00878,44144226,713880126,16.25,16.25,16.12,16.15,-0.1,28735
2022-11-22,00878,39730305,638897637,16.13,16.13,16.04,16.1,-0.05,23934
2022-11-23,00878,26635395,432931025,16.2,16.3,16.17,16.28,0.18,12003
2022-11-24,00878,32755482,535435274,16.35,16.38,16.3,16.35,0.07,11535
2022-11-25,00878,34584918,567242090,16.37,16.43,16.37,16.4,0.05,13200
2022-11-28,00878,47343496,771882684,16.26,16.39,16.22,16.34,-0.06,23310
2022-11-29,00878,24211044,397204381,16.33,16.48,16.28,16.46,0.12,9133
2022-11-30,00878,36057697,596842834,16.47,16.65,16.45,16.65,0.19,12721
2022-12-01,00878,52015957,869899804,16.78,16.79,16.65,16.68,0.03,21267
2022-12-02,00878,33109059,550349471,16.65,16.65,16.59,16.61,-0.07,17074
2022-12-05,00878,37676453,628888928,16.62,16.74,16.61,16.67,0.06,18291
2022-12-06,00878,75691711,1251788651,16.63,16.64,16.45,16.45,-0.22,46277
2022-12-07,00878,38820558,637623494,16.41,16.51,16.37,16.4,-0.05,23504
2022-12-08,00878,52723226,859143541,16.4,16.41,16.23,16.32,-0.08,29447
2022-12-09,00878,23216665,380744655,16.39,16.44,16.33,16.41,0.09,10769
2022-12-12,00878,44324991,722793124,16.36,16.42,16.23,16.42,0.01,24137
2022-12-13,00878,55461972,906798019,16.44,16.48,16.29,16.29,-0.13,32319
2022-12-14,00878,21318578,350263211,16.35,16.47,16.35,16.46,0.17,8102
2022-12-15,00878,20997159,344836032,16.43,16.46,16.37,16.44,-0.02,13928
2022-12-16,00878,95576000,1553570899,16.23,16.33,16.2,16.31,-0.13,53079
2022-12-19,00878,47837836,777074755,16.28,16.29,16.19,16.25,-0.06,29238
2022-12-20,00878,121070992,1954589959,16.26,16.26,16.07,16.1,-0.15,79983
2022-12-21,00878,69650187,1119156997,16.1,16.13,16.04,16.07,-0.03,41817
2022-12-22,00878,24530955,398024182,16.15,16.27,16.14,16.27,0.2,9904
2022-12-23,00878,32714486,528637280,16.17,16.23,16.1,16.19,-0.08,19063
2022-12-26,00878,19305402,313412855,16.22,16.25,16.2,16.23,0.04,13602
2022-12-27,00878,18852379,307067681,16.26,16.32,16.25,16.27,0.04,10020
2022-12-28,00878,48771794,788663024,16.25,16.25,16.14,16.17,-0.1,27156
2022-12-29,00878,57257079,920380876,16.1,16.16,16.02,16.09,-0.08,34969
2022-12-30,00878,21052740,340846434,16.18,16.22,16.16,16.17,0.08,9578
2023-01-03,00878,46441882,748965134,16.15,16.24,16.04,16.18,0.01,24662
2023-01-04,00878,21230742,344292416,16.18,16.26,16.17,16.23,0.05,9145
2023-01-05,00878,23836104,388880589,16.28,16.36,16.28,16.32,0.09,12563
2023-01-06,00878,29339092,480717755,16.32,16.43,16.32,16.41,0.09,15764
2023-01-09,00878,68223833,1132226721,16.56,16.66,16.51,16.66,0.25,25115
2023-01-10,00878,40048366,666830678,16.66,16.69,16.6,16.68,0.02,19776
2023-01-11,00878,23056571,384041293,16.7,16.72,16.62,16.67,-0.01,13848
2023-01-12,00878,34653907,575640392,16.69,16.69,16.57,16.59,-0.08,21103
2023-01-13,00878,33124175,551485569,16.66,16.71,16.61,16.62,0.03,16084
2023-01-16,00878,45649229,762382974,16.64,16.74,16.63,16.7,0.08,22079
2023-01-17,00878,31884754,532899715,16.74,16.74,16.68,16.72,0.02,15353
2023-01-30,00878,89249860,1514536238,16.93,17.06,16.9,17.01,0.29,37597
2023-01-31,00878,71900204,1220039195,17.01,17.03,16.88,16.88,-0.13,36821
2023-02-01,00878,45945962,778046499,16.95,17.0,16.89,17.0,0.12,19818
2023-02-02,00878,92709193,1583456677,17.13,17.13,17.0,17.12,0.12,31765
2023-02-03,00878,80667431,1378671463,17.13,17.13,17.03,17.1,-0.02,35938
2023-02-06,00878,129787412,2214858817,17.09,17.11,17.03,17.05,-0.05,59513
2023-02-07,00878,72866010,1243726158,17.06,17.1,17.04,17.06,0.01,26913
2023-02-08,00878,58317896,999685013,17.12,17.16,17.1,17.15,0.09,20486
2023-02-09,00878,74027615,1266884128,17.1,17.13,17.09,17.11,-0.04,26992
2023-02-10,00878,123876642,2115195314,17.11,17.11,17.02,17.06,-0.05,52196
2023-02-13,00878,119482054,2039298259,17.08,17.16,17.0,17.12,0.06,42642
2023-02-14,00878,99701236,1718054178,17.16,17.26,17.16,17.24,0.12,29244
2023-02-15,00878,199715954,3432611569,17.24,17.24,17.15,17.16,-0.08,70752
2023-02-16,00878,145267925,2474017972,16.97,17.1,16.96,17.03,0.0,65093
2023-02-17,00878,92788907,1578667097,17.0,17.05,16.99,17.04,0.01,42323
2023-02-20,00878,53874215,921901044,17.07,17.15,17.04,17.13,0.09,22126
2023-02-21,00878,39502045,676243024,17.13,17.14,17.1,17.12,-0.01,20222
2023-02-22,00878,121421003,2065433743,17.01,17.09,16.97,17.06,-0.06,54812
2023-02-23,00878,59714013,1024904219,17.07,17.2,17.07,17.17,0.11,16941
2023-02-24,00878,59179696,1014222971,17.18,17.21,17.1,17.1,-0.07,31419
2023-03-01,00878,111230002,1894677856,17.07,17.07,17.0,17.03,-0.07,54300
2023-03-02,00878,128852038,2190858837,17.05,17.1,16.94,17.08,0.05,63304
2023-03-03,00878,37167733,636531060,17.1,17.15,17.1,17.13,0.05,17168
2023-03-06,00878,82596909,1423094663,17.21,17.28,17.17,17.23,0.1,30641
2023-03-07,00878,49596062,858187304,17.25,17.34,17.24,17.31,0.08,19137
2023-03-08,00878,50679217,875680414,17.28,17.31,17.24,17.31,0.0,22893
2023-03-09,00878,74884735,1291771255,17.33,17.33,17.21,17.21,-0.1,37310
2023-03-10,00878,172905183,2951360389,17.13,17.13,17.05,17.05,-0.16,93564
2023-03-13,00878,203075083,3441026432,17.0,17.07,16.87,16.98,-0.07,105123
2023-03-14,00878,240386336,4056359583,16.91,16.94,16.84,16.85,-0.13,130407
2023-03-15,00878,97748821,1652133841,16.91,16.95,16.85,16.85,0.0,52143
2023-03-16,00878,154610367,2594187480,16.8,16.85,16.75,16.76,-0.09,88154
2023-03-17,00878,56985204,962153133,16.83,16.94,16.83,16.92,0.16,26147
2023-03-20,00878,80954383,1365805335,16.92,16.95,16.84,16.86,-0.06,46984
2023-03-21,00878,35189962,596379033,16.9,16.99,16.9,16.93,0.07,18401
2023-03-22,00878,60504029,1033600867,16.99,17.12,16.99,17.1,0.17,20082
2023-03-23,00878,88261310,1514574825,17.1,17.22,17.07,17.17,0.07,21367
2023-03-24,00878,70161529,1208268789,17.2,17.25,17.17,17.22,0.05,17206
2023-03-27,00878,55475140,955142925,17.22,17.25,17.19,17.22,0.0,23193
2023-03-28,00878,40164524,690292032,17.22,17.24,17.15,17.16,-0.06,22503
2023-03-29,00878,29421390,505989603,17.16,17.24,17.16,17.2,0.04,10802
2023-03-30,00878,44123290,761068931,17.23,17.28,17.21,17.25,0.05,12215
2023-03-31,00878,72849897,1264437100,17.27,17.4,17.27,17.34,0.09,19094
2023-04-06,00878,59592132,1031458206,17.33,17.36,17.25,17.35,0.01,31885
2023-04-07,00878,33452607,581187412,17.36,17.4,17.34,17.36,0.01,16393
2023-04-10,00878,41314937,718343539,17.36,17.42,17.35,17.4,0.04,21493
2023-04-11,00878,55857400,976422167,17.4,17.53,17.4,17.5,0.1,21596
2023-04-12,00878,40776724,716804475,17.51,17.6,17.51,17.59,0.09,18206
2023-04-13,00878,45410301,798277783,17.6,17.61,17.53,17.57,-0.02,23410
2023-04-14,00878,42697351,750715435,17.59,17.62,17.54,17.61,0.04,18647
2023-04-17,00878,40989581,721814999,17.61,17.63,17.58,17.63,0.02,22670
2023-04-18,00878,38243822,673354827,17.63,17.64,17.58,17.62,-0.01,19708
2023-04-19,00878,39329569,694149433,17.62,17.71,17.6,17.61,-0.01,18131
2023-04-20,00878,53051427,929992491,17.6,17.6,17.5,17.52,-0.09,30107
2023-04-21,00878,45462443,795658952,17.52,17.6,17.46,17.47,-0.05,25777
2023-04-24,00878,29672382,519210114,17.47,17.53,17.44,17.51,0.04,14543
2023-04-25,00878,95538845,1661197848,17.52,17.55,17.31,17.33,-0.18,59617
2023-04-26,00878,51135941,885329114,17.31,17.39,17.28,17.38,0.05,26277
2023-04-27,00878,29980917,522886487,17.38,17.5,17.34,17.45,0.07,14408
2023-04-28,00878,35632974,625492650,17.55,17.6,17.52,17.56,0.11,12872
2023-05-02,00878,47135344,832502466,17.58,17.7,17.58,17.68,0.12,18566
2023-05-03,00878,97295427,1720404505,17.68,17.72,17.65,17.69,0.01,37893
2023-05-04,00878,67963539,1202775246,17.69,17.74,17.65,17.73,0.04,21526
2023-05-05,00878,75972714,1344806334,17.74,17.76,17.67,17.68,-0.05,34898
2023-05-08,00878,68813416,1222181210,17.73,17.79,17.73,17.75,0.07,22780
2023-05-09,00878,49201994,874246472,17.75,17.8,17.72,17.78,0.03,18727
2023-05-10,00878,79815609,1415812521,17.8,17.81,17.7,17.75,-0.03,37136
2023-05-11,00878,59118676,1050186009,17.78,17.81,17.72,17.75,0.0,22426
2023-05-12,00878,65243896,1158559309,17.75,17.81,17.7,17.79,0.04,20319
2023-05-15,00878,117800312,2096769233,17.79,17.85,17.76,17.83,0.04,36971
2023-05-16,00878,98195003,1760642556,17.86,17.97,17.86,17.97,0.14,31354
2023-05-17,00878,116636133,2075938004,17.8,17.86,17.74,17.84,0.0,44073
2023-05-18,00878,79729239,1428574762,17.88,17.95,17.87,17.94,0.1,20977
2023-05-19,00878,114314120,2056372053,17.95,18.04,17.93,18.02,0.08,27453
2023-05-22,00878,58866897,1061734960,18.02,18.07,18.01,18.02,0.0,24601
2023-05-23,00878,56575741,1018127221,18.02,18.05,17.95,18.01,-0.01,24760
2023-05-24,00878,62151360,1114664699,17.98,17.98,17.91,17.98,-0.03,31017
2023-05-25,00878,54357262,979588742,18.0,18.05,17.95,18.05,0.07,17866
2023-05-26,00878,68217910,1237811650,18.06,18.23,18.06,18.17,0.12,23562
2023-05-29,00878,71560638,1314483959,18.26,18.41,18.26,18.36,0.19,24102
2023-05-30,00878,61561361,1128746083,18.38,18.44,18.26,18.34,-0.02,27742
2023-05-31,00878,41033852,751578693,18.34,18.39,18.28,18.31,-0.03,20511
2023-06-01,00878,43750542,798326904,18.31,18.31,18.22,18.25,-0.06,23165
2023-06-02,00878,109143587,2024015489,18.26,18.67,18.26,18.58,0.33,28666
2023-06-05,00878,55702951,1038143486,18.65,18.68,18.55,18.62,0.04,27701
2023-06-06,00878,50526834,942086461,18.64,18.7,18.6,18.65,0.03,19979
2023-06-07,00878,43221230,810543241,18.66,18.79,18.66,18.78,0.13,18595
2023-06-08,00878,72427527,1356606711,18.78,18.8,18.67,18.7,-0.08,38309
2023-06-09,00878,72817962,1377531400,18.73,18.99,18.73,18.97,0.27,22929
2023-06-12,00878,89917428,1710843619,18.99,19.13,18.93,18.96,-0.01,44162
2023-06-13,00878,106008858,2026753442,18.99,19.23,18.99,19.15,0.19,34281
2023-06-14,00878,71988271,1381203815,19.15,19.27,19.11,19.2,0.05,25940
2023-06-15,00878,92248068,1786074236,19.25,19.42,19.25,19.41,0.21,32239
2023-06-16,00878,88055005,1708531504,19.41,19.51,19.26,19.36,-0.05,39261
2023-06-19,00878,79139677,1524195379,19.35,19.35,19.18,19.28,-0.08,33377
2023-06-20,00878,91232476,1747568087,19.25,19.26,19.07,19.13,-0.15,43896
2023-06-21,00878,66596934,1282763587,19.1,19.39,19.09,19.35,0.22,19962
2023-06-26,00878,51017668,981863380,19.31,19.31,19.13,19.28,-0.07,29410
2023-06-27,00878,86231023,1646388073,19.21,19.22,19.01,19.03,-0.25,52270
2023-06-28,00878,43580072,833354132,19.06,19.2,19.06,19.1,0.07,17603
2023-06-29,00878,43104142,828325579,19.16,19.31,19.13,19.2,0.1,14575
2023-06-30,00878,31021520,595901369,19.2,19.25,19.12,19.25,0.05,13190
2023-07-03,00878,70654607,1378303472,19.3,19.59,19.3,19.52,0.27,26257
2023-07-04,00878,86883678,1711473395,19.52,19.84,19.52,19.76,0.24,30034
2023-07-05,00878,51091723,1007231139,19.77,19.8,19.6,19.69,-0.07,29189
2023-07-06,00878,79323450,1553338689,19.59,19.77,19.45,19.49,-0.2,40477
2023-07-07,00878,81236265,1569493984,19.4,19.43,19.2,19.31,-0.18,47764
2023-07-10,00878,47866389,927405158,19.31,19.46,19.29,19.31,0.0,23652
2023-07-11,00878,92069811,1816484573,19.45,19.81,19.45,19.8,0.49,24663
2023-07-12,00878,136146579,2733904402,19.87,20.2,19.87,20.19,0.39,40366
2023-07-13,00878,181666459,3765169792,20.4,20.91,20.4,20.53,0.34,53116
2023-07-14,00878,188944144,3938621374,20.74,21.05,20.53,21.01,0.48,48653
2023-07-17,00878,137906161,2920853153,20.99,21.29,20.97,21.28,0.27,47110
2023-07-18,00878,165687672,3558478688,21.44,21.82,21.06,21.43,0.15,50405
2023-07-19,00878,181403336,3842781788,21.61,21.72,20.84,20.96,-0.47,67137
2023-07-20,00878,104709435,2204745518,20.94,21.21,20.84,21.19,0.23,32600
2023-07-21,00878,169061676,3610810066,20.9,21.68,20.9,21.61,0.42,43418
2023-07-24,00878,248137024,5438393863,21.61,22.14,21.61,22.13,0.52,66412
2023-07-25,00878,177095269,3960001429,22.31,22.5,22.16,22.2,0.07,57575
2023-07-26,00878,126805305,2809670840,22.2,22.3,21.96,22.2,0.0,45887
2023-07-27,00878,100425678,2236273069,22.34,22.45,22.12,22.18,-0.02,35487
2023-07-28,00878,140774935,3127887288,22.18,22.45,21.9,22.45,0.27,40929
2023-07-31,00878,253790498,5641636778,22.67,22.89,21.8,21.86,-0.59,98545
2023-08-01,00878,197970425,4297951132,21.85,21.98,21.43,21.87,0.01,68595
2023-08-02,00878,300768355,6442628718,21.88,21.93,21.16,21.17,-0.7,151100
2023-08-04,00878,196832830,4152950959,21.1,21.35,20.85,21.15,-0.02,69539
2023-08-07,00878,109394546,2357313814,21.21,21.76,21.18,21.76,0.61,39036
2023-08-08,00878,133578516,2893205219,21.85,21.98,21.42,21.61,-0.15,42970
2023-08-09,00878,82220399,1771773954,21.5,21.72,21.39,21.5,-0.11,34880
2023-08-10,00878,165067977,3485138799,21.4,21.42,20.93,21.09,-0.41,86803
2023-08-11,00878,64155635,1364029145,21.17,21.4,21.12,21.22,0.13,26436
2023-08-14,00878,164881018,3474094699,21.13,21.34,20.95,21.05,-0.17,73157
2023-08-15,00878,127814148,2739874942,21.34,21.52,21.32,21.43,0.38,38653
2023-08-16,00878,135996703,2859442858,20.92,21.27,20.86,21.27,0.0,51578
2023-08-17,00878,78458539,1665774315,21.18,21.41,21.03,21.32,0.05,25579
2023-08-18,00878,120049072,2536560329,21.33,21.43,20.9,21.05,-0.27,54095
2023-08-21,00878,49399932,1043382300,21.16,21.3,21.0,21.06,0.01,21343
2023-08-22,00878,54936559,1165257043,21.29,21.35,21.11,21.12,0.06,16649
2023-08-23,00878,48335533,1024724368,21.15,21.29,21.02,21.28,0.16,17496
2023-08-24,00878,119718554,2577681740,21.6,21.73,21.26,21.38,0.1,28315
2023-08-25,00878,158880819,3342874025,21.2,21.2,20.95,20.98,-0.4,82957
2023-08-28,00878,103335271,2155203096,21.0,21.03,20.72,20.83,-0.15,51086
2023-08-29,00878,46492070,970883503,20.92,21.0,20.78,20.95,0.12,21570
2023-08-30,00878,40286556,849475615,21.1,21.19,20.98,21.01,0.06,15702
2023-08-31,00878,50108100,1048283726,20.99,21.0,20.81,20.97,-0.04,22756
2023-09-01,00878,46970700,983708553,21.0,21.06,20.86,20.88,-0.09,28030
2023-09-04,00878,50142854,1046760369,20.88,20.97,20.8,20.94,0.06,26863
2023-09-05,00878,42085332,880384762,20.94,20.98,20.85,20.95,0.01,25198
2023-09-06,00878,53691665,1129569184,20.95,21.1,20.95,21.04,0.09,20125
2023-09-07,00878,36451905,764231382,20.98,21.02,20.9,20.94,-0.1,22569
2023-09-08,00878,33278530,696062989,20.9,20.99,20.86,20.93,-0.01,18558
2023-09-11,00878,193588651,3972708699,20.93,20.93,20.31,20.45,-0.48,122536
2023-09-12,00878,76781139,1567424437,20.45,20.5,20.32,20.41,-0.04,40340
2023-09-13,00878,53074779,1084140907,20.42,20.5,20.38,20.45,0.04,28670
2023-09-14,00878,59399691,1230318278,20.52,20.82,20.52,20.81,0.36,18524
2023-09-15,00878,50123777,1044428278,20.88,20.91,20.75,20.85,0.04,23976
2023-09-18,00878,80203932,1654126987,20.7,20.7,20.58,20.59,-0.26,48084
2023-09-19,00878,50839193,1044431558,20.63,20.68,20.46,20.48,-0.11,32797
2023-09-20,00878,54502153,1116462792,20.45,20.67,20.39,20.44,-0.04,29627
2023-09-21,00878,96017216,1939802305,20.33,20.33,20.13,20.23,-0.21,55128
2023-09-22,00878,43590365,880241306,20.16,20.34,20.02,20.33,0.1,23070
2023-09-25,00878,28197892,575386499,20.34,20.45,20.34,20.44,0.11,18115
2023-09-26,00878,43749977,889188229,20.41,20.46,20.25,20.26,-0.18,29576
2023-09-27,00878,27158111,550118339,20.24,20.33,20.18,20.3,0.04,14565
2023-09-28,00878,28109000,574156959,20.38,20.56,20.31,20.38,0.08,12805
2023-10-02,00878,56467179,1170736851,20.5,20.85,20.5,20.76,0.38,24186
2023-10-03,00878,41506160,859423746,20.77,20.8,20.62,20.63,-0.13,23330
2023-10-04,00878,40400576,823410514,20.42,20.47,20.3,20.44,-0.19,26808
2023-10-05,00878,30187256,621754907,20.51,20.66,20.5,20.64,0.2,15749
2023-10-06,00878,34195855,708905386,20.73,20.79,20.65,20.75,0.11,14720
2023-10-11,00878,65564089,1368877027,20.97,21.07,20.71,20.72,-0.03,27209
2023-10-12,00878,32509260,677544057,20.76,20.9,20.73,20.89,0.17,13866
2023-10-13,00878,58953592,1216364606,20.85,20.85,20.56,20.6,-0.29,39707
2023-10-16,00878,45588971,935481200,20.54,20.6,20.48,20.5,-0.1,30663
2023-10-17,00878,57896931,1182358841,20.56,20.63,20.35,20.36,-0.14,39111
2023-10-18,00878,146810220,2947166192,20.32,20.32,20.0,20.04,-0.32,88321
2023-10-19,00878,86936409,1736716779,20.0,20.04,19.93,20.02,-0.02,53034
2023-10-20,00878,109620110,2165682813,19.92,19.97,19.62,19.85,-0.17,71294
2023-10-23,00878,79265078,1563218893,19.8,19.82,19.67,19.69,-0.16,54094
2023-10-24,00878,49986203,986674740,19.69,19.88,19.62,19.86,0.17,24763
2023-10-25,00878,37824596,754446420,19.92,20.0,19.88,19.9,0.04,22503
2023-10-26,00878,86977692,1710761558,19.69,19.77,19.56,19.64,-0.26,52813
2023-10-27,00878,32681293,647352708,19.69,19.91,19.69,19.76,0.12,15719
2023-10-30,00878,47393470,937042750,19.78,19.9,19.73,19.73,-0.03,22251
2023-10-31,00878,78770170,1544140879,19.79,19.8,19.5,19.5,-0.23,52952
2023-11-01,00878,69112164,1354572638,19.65,19.68,19.52,19.61,0.11,34369
2023-11-02,00878,49964419,997634628,19.88,20.01,19.88,19.96,0.35,20639
2023-11-03,00878,52760021,1056439717,20.07,20.09,19.96,20.0,0.04,25485
2023-11-06,00878,58689555,1186974804,20.14,20.29,20.14,20.25,0.25,27059
2023-11-07,00878,46839015,945385637,20.23,20.24,20.11,20.2,-0.05,21343
2023-11-08,00878,57143185,1168543592,20.25,20.57,20.24,20.47,0.27,19343
2023-11-09,00878,52293830,1067805896,20.48,20.48,20.34,20.46,-0.01,20472
2023-11-10,00878,62520743,1270670833,20.39,20.39,20.27,20.36,-0.1,31804
2023-11-13,00878,78834038,1607855060,20.54,20.55,20.33,20.36,0.0,30832
2023-11-14,00878,69088732,1416375079,20.45,20.55,20.43,20.53,0.17,26288
2023-11-15,00878,136213095,2821807788,20.74,20.82,20.64,20.69,0.16,42566
2023-11-16,00878,105625684,2144778656,20.47,20.47,20.22,20.26,0.0,55334
2023-11-17,00878,40148233,816888667,20.26,20.38,20.26,20.37,0.11,15292
2023-11-20,00878,52798864,1073360933,20.38,20.39,20.26,20.36,-0.01,26226
2023-11-21,00878,98737215,2036380833,20.46,20.69,20.46,20.67,0.31,22757
2023-11-22,00878,52526237,1077475698,20.59,20.59,20.45,20.55,-0.12,25306
2023-11-23,00878,52230344,1067948987,20.55,20.55,20.39,20.44,-0.11,26926
2023-11-24,00878,26199653,535220579,20.45,20.48,20.4,20.41,-0.03,13394
2023-11-27,00878,57427481,1170427966,20.41,20.5,20.3,20.32,-0.09,32445
2023-11-28,00878,29668999,606049529,20.36,20.5,20.35,20.43,0.11,11393
2023-11-29,00878,37528071,770712206,20.44,20.59,20.44,20.54,0.11,12231
2023-11-30,00878,33873584,695926707,20.55,20.6,20.47,20.59,0.05,13727
2023-12-01,00878,41371344,848698173,20.58,20.58,20.47,20.51,-0.08,21657
2023-12-04,00878,47246879,971186382,20.55,20.6,20.53,20.56,0.05,20095
2023-12-05,00878,55350733,1130587029,20.47,20.48,20.39,20.46,-0.1,33184
2023-12-06,00878,36956055,759717800,20.5,20.59,20.48,20.55,0.09,15014
2023-12-07,00878,35729057,732709923,20.53,20.57,20.47,20.51,-0.04,15475
2023-12-08,00878,39842857,821917001,20.64,20.73,20.59,20.6,0.09,12773
2023-12-11,00878,41549648,855726763,20.61,20.69,20.56,20.61,0.01,22979
2023-12-12,00878,51073278,1055024772,20.69,20.7,20.61,20.63,0.02,21610
2023-12-13,00878,79382246,1651187839,20.71,20.85,20.71,20.83,0.2,24833
2023-12-14,00878,92613043,1951537023,21.05,21.12,21.01,21.1,0.27,31560
2023-12-15,00878,62666519,1319500905,21.19,21.25,20.98,20.99,-0.11,35106
2023-12-18,00878,52687667,1105636561,20.94,21.04,20.85,21.04,0.05,22360
2023-12-19,00878,50343485,1052296664,21.0,21.02,20.83,20.94,-0.1,23507
2023-12-20,00878,77704847,1642770607,20.98,21.23,20.97,21.2,0.26,23670
2023-12-21,00878,51575911,1086177096,20.98,21.15,20.92,21.11,-0.09,18436
2023-12-22,00878,37888008,800799227,21.14,21.19,21.09,21.15,0.04,12140
2023-12-25,00878,67175268,1432170450,21.15,21.39,21.15,21.38,0.23,25167
2023-12-26,00878,49596961,1064859739,21.39,21.51,21.35,21.5,0.12,18849
2023-12-27,00878,74955912,1627100533,21.53,21.78,21.53,21.76,0.26,23937
2023-12-28,00878,59628385,1299201827,21.76,21.88,21.68,21.77,0.01,22013
2023-12-29,00878,52058457,1135076467,21.77,21.89,21.74,21.8,0.03,18647
2024-01-02,00878,69029777,1491504662,21.8,21.87,21.5,21.56,-0.24,39334
2024-01-03,00878,92571925,1968916133,21.36,21.38,21.2,21.25,-0.31,53850
2024-01-04,00878,31254875,663041186,21.2,21.26,21.16,21.21,-0.04,17503
2024-01-05,00878,33992554,721840291,21.21,21.32,21.18,21.2,-0.01,21662
2024-01-08,00878,39660622,845271852,21.24,21.43,21.23,21.27,0.07,17790
2024-01-09,00878,30273702,645155353,21.39,21.47,21.22,21.25,-0.02,14194
2024-01-10,00878,37748528,797330175,21.2,21.2,21.07,21.1,-0.15,30617
2024-01-11,00878,26981268,571340084,21.17,21.24,21.1,21.21,0.11,12824
2024-01-12,00878,29360307,621599005,21.18,21.24,21.08,21.19,-0.02,15691
2024-01-15,00878,40171466,853289952,21.29,21.34,21.17,21.19,0.0,24086
2024-01-16,00878,58267647,1227470316,21.1,21.13,21.0,21.07,-0.12,31705
2024-01-17,00878,82577770,1728341135,21.04,21.04,20.85,20.85,-0.22,51919
2024-01-18,00878,51069859,1064097982,20.82,20.92,20.75,20.83,-0.02,28463
2024-01-19,00878,52561250,1111331857,21.01,21.26,20.92,21.26,0.43,16548
2024-01-22,00878,71778334,1550967958,21.45,21.68,21.45,21.64,0.38,25165
2024-01-23,00878,40109691,866962494,21.68,21.71,21.54,21.63,-0.01,17695
2024-01-24,00878,32095467,695227917,21.64,21.71,21.62,21.64,0.01,12553
2024-01-25,00878,43323175,940487213,21.7,21.78,21.63,21.69,0.05,17946
2024-01-26,00878,51292344,1104883391,21.63,21.64,21.49,21.52,-0.17,24652
2024-01-29,00878,35435831,766707352,21.52,21.7,21.49,21.67,0.15,13952
2024-01-30,00878,35180368,763520845,21.71,21.76,21.66,21.7,0.03,13938
2024-01-31,00878,31063515,671441125,21.66,21.66,21.55,21.63,-0.07,15171
2024-02-01,00878,60130881,1303038061,21.67,21.72,21.61,21.71,0.08,26374
2024-02-02,00878,56473747,1232828091,21.74,21.86,21.74,21.85,0.14,20628
2024-02-05,00878,68591435,1498440381,21.8,21.91,21.7,21.89,0.04,35926
2024-02-15,00878,107943834,2391643994,22.11,22.24,22.05,22.2,0.31,52428
2024-02-16,00878,87132135,1943803793,22.2,22.38,22.2,22.31,0.11,32484
2024-02-19,00878,106534678,2372934520,22.34,22.35,22.22,22.3,-0.01,45714
2024-02-20,00878,69225994,1547346457,22.29,22.41,22.26,22.4,0.1,27962
2024-02-21,00878,111362983,2484715867,22.4,22.4,22.28,22.29,-0.11,52738
2024-02-22,00878,69859550,1565967876,22.4,22.5,22.35,22.41,0.12,25688
2024-02-23,00878,111025462,2501948948,22.5,22.6,22.46,22.46,0.05,40261
2024-02-26,00878,197724248,4429714394,22.47,22.47,22.36,22.41,-0.05,66524
2024-02-27,00878,229991567,5056049173,22.13,22.14,21.81,21.85,0.0,126213
2024-02-29,00878,73325701,1606808292,21.84,22.03,21.8,21.99,0.14,30185
2024-03-01,00878,53149126,1171897411,22.0,22.1,22.0,22.03,0.04,24236
2024-03-04,00878,82561274,1829133118,22.12,22.24,22.07,22.07,0.04,34743
2024-03-05,00878,69725652,1542276171,22.1,22.19,22.0,22.17,0.1,29040
2024-03-06,00878,84000427,1869800890,22.13,22.35,22.1,22.29,0.12,27040
2024-03-07,00878,109313585,2438787900,22.34,22.38,22.21,22.33,0.04,32601
2024-03-08,00878,165990253,3720643990,22.37,22.54,22.22,22.31,-0.02,42346
2024-03-11,00878,88842669,1989869471,22.33,22.52,22.3,22.34,0.03,30880
2024-03-12,00878,77238611,1736490227,22.34,22.57,22.33,22.55,0.21,20838
2024-03-13,00878,77115989,1740721689,22.59,22.72,22.48,22.52,-0.03,28210
2024-03-14,00878,63847266,1427732366,22.52,22.58,22.25,22.3,-0.22,35254
2024-03-15,00878,56933648,1269014275,22.2,22.43,22.1,22.38,0.08,25717
2024-03-18,00878,49943072,1115301380,22.38,22.44,22.27,22.37,-0.01,25585
2024-03-19,00878,48492344,1085672793,22.35,22.47,22.3,22.39,0.02,17711
2024-03-20,00878,53015996,1187307083,22.39,22.55,22.29,22.29,-0.1,31466
2024-03-21,00878,62691129,1408073078,22.4,22.55,22.38,22.52,0.23,19408
2024-03-22,00878,63296109,1427574320,22.52,22.67,22.47,22.54,0.02,23209
2024-03-25,00878,34485984,775832823,22.55,22.56,22.46,22.48,-0.06,26637
2024-03-26,00878,54404597,1218959292,22.48,22.65,22.22,22.41,-0.07,31780
2024-03-27,00878,30429833,683626203,22.41,22.55,22.34,22.55,0.14,13294
2024-03-28,00878,35789916,806909233,22.55,22.6,22.43,22.57,0.02,15105
2024-03-29,00878,69332862,1571216257,22.58,22.75,22.54,22.7,0.13,18743
2024-04-01,00878,31574162,716414329,22.77,22.84,22.58,22.6,-0.1,20454
2024-04-02,00878,29879477,677735239,22.6,22.72,22.6,22.67,0.07,11415
2024-04-03,00878,27495675,622308991,22.64,22.74,22.52,22.63,-0.04,18348
2024-04-08,00878,37852849,858379605,22.63,22.74,22.58,22.71,0.08,24456
2024-04-09,00878,20592496,468490098,22.71,22.78,22.71,22.76,0.05,10985
2024-04-10,00878,40730942,931642196,22.8,22.95,22.8,22.8,0.04,21008
2024-04-11,00878,30342859,690792796,22.76,22.82,22.7,22.77,-0.03,16740
2024-04-12,00878,38668369,878997908,22.75,22.8,22.68,22.7,-0.07,21609
2024-04-15,00878,68098943,1536067768,22.63,22.63,22.51,22.51,-0.19,46360
2024-04-16,00878,160889589,3553184117,22.4,22.4,21.92,22.0,-0.51,105145
2024-04-17,00878,48520875,1070601444,22.0,22.17,22.0,22.15,0.15,24132
2024-04-18,00878,27323434,605309574,22.1,22.24,22.01,22.17,0.02,14677
2024-04-19,00878,158088448,3439974147,22.01,22.05,21.46,21.74,-0.43,99100
2024-04-22,00878,69494285,1503090687,21.73,21.73,21.55,21.55,-0.19,50077
2024-04-23,00878,38511523,834416987,21.69,21.78,21.58,21.62,0.07,21399
2024-04-24,00878,29903756,657305304,21.81,22.04,21.81,22.03,0.41,13051
2024-04-25,00878,50657738,1103622552,21.92,21.92,21.73,21.77,-0.26,33205
2024-04-26,00878,36201318,792991666,21.85,22.02,21.8,21.84,0.07,15713
2024-04-29,00878,42678396,947775405,21.95,22.28,21.95,22.26,0.42,17685
2024-04-30,00878,19551679,435414234,22.27,22.3,22.19,22.26,0.0,11735
2024-05-02,00878,131909467,2934937125,22.25,22.36,22.13,22.22,-0.04,49653
2024-05-03,00878,64537450,1445791703,22.5,22.5,22.29,22.3,0.08,27595
2024-05-06,00878,68459634,1546343948,22.58,22.68,22.47,22.63,0.33,28590
2024-05-07,00878,95253755,2161535972,22.79,22.82,22.59,22.76,0.13,30771
2024-05-08,00878,66929341,1529714067,22.76,22.9,22.76,22.89,0.13,22277
2024-05-09,00878,68076052,1557227364,22.91,22.93,22.81,22.83,-0.06,28502
2024-05-10,00878,71534030,1643724851,22.89,23.15,22.86,23.12,0.29,26286
2024-05-13,00878,79818420,1849237365,23.21,23.25,23.11,23.16,0.04,31940
2024-05-14,00878,79393405,1845451176,23.21,23.31,23.17,23.3,0.14,23483
2024-05-15,00878,120893011,2837539923,23.42,23.61,23.33,23.4,0.1,39742
2024-05-16,00878,124483466,2935614889,23.59,23.66,23.54,23.57,0.17,37555
2024-05-17,00878,133675024,3076892017,23.03,23.09,22.98,22.99,0.0,71218
2024-05-20,00878,100046120,2298379017,23.0,23.05,22.88,23.02,0.03,48147
2024-05-21,00878,66909294,1529562276,22.98,23.0,22.75,22.87,-0.15,45775
2024-05-22,00878,62748046,1451364698,22.89,23.2,22.89,23.2,0.33,18343
2024-05-23,00878,41741259,966719614,23.2,23.21,23.03,23.18,-0.02,19579
2024-05-24,00878,27134919,627669315,23.12,23.18,23.0,23.16,-0.02,13913
2024-05-27,00878,81198335,1905584301,23.2,23.57,23.2,23.54,0.38,27339
2024-05-28,00878,44560052,1050314333,23.55,23.64,23.5,23.56,0.02,16027
2024-05-29,00878,49518574,1159150458,23.56,23.56,23.33,23.33,-0.23,33632
2024-05-30,00878,58924766,1363506448,23.15,23.24,23.06,23.11,-0.22,36338
2024-05-31,00878,47249510,1092427321,23.12,23.24,23.06,23.07,-0.04,21734
2024-06-03,00878,33389617,774707260,23.2,23.32,23.1,23.25,0.18,19150
2024-06-04,00878,56479632,1302121768,23.15,23.17,23.0,23.05,-0.2,37976
2024-06-05,00878,90578220,2077491745,23.04,23.05,22.9,22.9,-0.15,67451
2024-06-06,00878,42639538,980956375,23.0,23.06,22.93,23.0,0.1,25877
2024-06-07,00878,29315083,674258987,23.0,23.04,22.96,23.01,0.01,21544
2024-06-11,00878,51161293,1176461798,22.97,23.09,22.92,22.97,-0.04,40618
2024-06-12,00878,29356813,675478401,22.98,23.06,22.97,23.03,0.06,19606
2024-06-13,00878,67386381,1570292158,23.15,23.39,23.14,23.31,0.28,23752
2024-06-14,00878,38819440,904531254,23.31,23.35,23.25,23.33,0.02,19099
2024-06-17,00878,40695764,950363239,23.33,23.4,23.27,23.37,0.04,24862
2024-06-18,00878,42152168,989281430,23.38,23.53,23.38,23.51,0.14,16729
2024-06-19,00878,86531828,2056144880,23.55,23.88,23.55,23.83,0.32,24300
2024-06-20,00878,39654994,949237573,23.83,24.0,23.83,23.98,0.15,19104
2024-06-21,00878,61864899,1475699118,23.94,23.94,23.76,23.85,-0.13,24216
2024-06-24,00878,46104083,1091733795,23.83,23.83,23.6,23.69,-0.16,30489
2024-06-25,00878,38377942,903483727,23.65,23.65,23.41,23.63,-0.06,27228
2024-06-26,00878,37084980,876423884,23.63,23.73,23.5,23.6,-0.03,20497
2024-06-27,00878,41784553,979149441,23.44,23.53,23.35,23.53,-0.07,25496
2024-06-28,00878,24158689,571928843,23.53,23.74,23.53,23.69,0.16,10963
2024-07-01,00878,32542860,776135979,23.69,23.94,23.69,23.88,0.19,17080
2024-07-02,00878,29062213,691897540,23.84,23.9,23.72,23.82,-0.06,16834
2024-07-03,00878,32456683,777428475,23.95,24.0,23.86,23.96,0.14,15475
2024-07-04,00878,33490474,806916176,24.0,24.15,24.0,24.1,0.14,14440
2024-07-05,00878,33165792,802956410,24.14,24.25,24.14,24.2,0.1,18901
2024-07-08,00878,41860477,1015746152,24.2,24.35,24.1,24.35,0.15,23235
2024-07-09,00878,44004531,1070911397,24.39,24.48,24.19,24.34,-0.01,20147
2024-07-10,00878,28168053,686250174,24.35,24.43,24.26,24.36,0.02,19058
2024-07-11,00878,26962972,661936383,24.39,24.66,24.39,24.58,0.22,14537
2024-07-12,00878,47117428,1150780746,24.54,24.54,24.36,24.4,-0.18,31058
2024-07-15,00878,52312216,1275517156,24.5,24.53,24.3,24.39,-0.01,29579
2024-07-16,00878,40984792,998972975,24.4,24.45,24.32,24.34,-0.05,24739
2024-07-17,00878,51103384,1241127627,24.35,24.37,24.2,24.2,-0.14,33902
2024-07-18,00878,90305827,2160728217,24.07,24.08,23.83,23.97,-0.23,62251
2024-07-19,00878,96687739,2286636149,23.89,23.89,23.51,23.6,-0.37,72481
2024-07-22,00878,131946377,3059114996,23.57,23.57,23.0,23.2,-0.4,87338
2024-07-23,00878,50340471,1181135996,23.4,23.52,23.4,23.46,0.26,26169
2024-07-26,00878,120723098,2780837685,23.04,23.15,22.9,23.1,-0.36,76519
2024-07-29,00878,90368159,2084301087,23.26,23.44,22.97,22.99,-0.11,60393
2024-07-30,00878,104623334,2377357519,22.93,22.95,22.6,22.92,-0.07,72256
2024-07-31,00878,44522865,1020808323,22.88,23.08,22.8,22.97,0.05,28138
2024-08-01,00878,89506717,2086794507,23.39,23.4,23.21,23.36,0.39,38380
2024-08-02,00878,223097849,5109439546,22.93,23.05,22.85,22.87,-0.49,123903
2024-08-05,00878,362658945,7840345077,22.5,22.54,21.18,21.32,-1.55,221905
2024-08-06,00878,207812517,4511016128,21.84,22.15,21.12,21.86,0.54,80726
2024-08-07,00878,114401287,2544025396,22.0,22.43,21.92,22.37,0.51,44579
2024-08-08,00878,113528398,2511701091,22.06,22.29,21.94,22.1,-0.27,57798
2024-08-09,00878,90100425,2039724713,22.55,22.77,22.45,22.57,0.47,37805
2024-08-12,00878,77312379,1773287605,22.74,23.03,22.74,22.92,0.35,35005
2024-08-13,00878,69400121,1595217601,23.08,23.08,22.92,22.99,0.07,29651
2024-08-14,00878,71837699,1668797178,23.19,23.32,23.13,23.26,0.27,26390
2024-08-15,00878,136714583,3175775278,23.34,23.4,23.12,23.13,-0.13,62227
2024-08-16,00878,72848254,1668513275,22.98,22.98,22.85,22.86,0.0,42479
2024-08-19,00878,51381650,1177849821,22.89,23.01,22.85,22.88,0.02,24455
2024-08-20,00878,35502998,815603672,22.96,23.04,22.89,22.89,0.01,19220
2024-08-21,00878,39012172,890388428,22.89,22.89,22.78,22.81,-0.08,29514
2024-08-22,00878,39051575,888313052,22.82,22.85,22.7,22.72,-0.09,25508
2024-08-23,00878,47915365,1085443321,22.67,22.77,22.58,22.76,0.04,23023
2024-08-26,00878,54141990,1245263072,22.86,23.09,22.86,22.93,0.17,23128
2024-08-27,00878,36115455,824661426,22.86,22.93,22.76,22.89,-0.04,20478
2024-08-28,00878,33703282,771525994,22.89,22.98,22.8,22.93,0.04,17945
2024-08-29,00878,38672974,883030656,22.8,22.97,22.75,22.9,-0.03,19377
2024-08-30,00878,27461235,629559601,23.0,23.0,22.88,22.91,0.01,12936
2024-09-02,00878,32235408,738854637,22.95,23.0,22.88,22.9,-0.01,18046
2024-09-03,00878,44257973,1011250583,22.95,22.95,22.78,22.8,-0.1,29255
2024-09-04,00878,176675402,3907216252,21.96,22.36,21.74,22.09,-0.71,120137
2024-09-05,00878,56876172,1261199318,22.22,22.3,22.07,22.08,-0.01,41300
2024-09-06,00878,38096612,847278032,22.11,22.41,21.99,22.36,0.28,21989
2024-09-09,00878,88436995,1948861465,21.94,22.2,21.87,22.13,-0.23,62206
2024-09-10,00878,55923375,1235777458,22.24,22.25,21.99,22.07,-0.06,40775
2024-09-11,00878,47251540,1041384683,22.06,22.11,21.99,22.0,-0.07,39844
2024-09-12,00878,28887795,644114173,22.26,22.39,22.2,22.27,0.27,15901
2024-09-13,00878,33648039,750141975,22.36,22.37,22.23,22.28,0.01,19133
2024-09-16,00878,35622352,794336344,22.3,22.35,22.26,22.31,0.03,23687
2024-09-18,00878,41592713,926107575,22.31,22.38,22.16,22.19,-0.12,30263
2024-09-19,00878,24107291,537442242,22.19,22.4,22.16,22.32,0.13,12653
2024-09-20,00878,24350864,548149070,22.45,22.58,22.45,22.45,0.13,16187
2024-09-23,00878,31210837,704872823,22.5,22.64,22.5,22.58,0.13,16880
2024-09-24,00878,23190875,524104543,22.58,22.7,22.51,22.67,0.09,13408
2024-09-25,00878,35695732,817007161,22.81,22.93,22.81,22.88,0.21,16899
2024-09-26,00878,39971565,919293593,22.94,23.05,22.94,22.95,0.07,17031
2024-09-27,00878,36385741,836883683,23.05,23.13,22.95,22.97,0.02,15107
2024-09-30,00878,51494716,1174729546,22.93,22.93,22.75,22.75,-0.22,36498
2024-10-01,00878,43074966,977314300,22.71,22.75,22.64,22.7,-0.05,31403
2024-10-04,00878,58362903,1318592132,22.65,22.73,22.51,22.56,-0.14,38812
2024-10-07,00878,49500791,1121055260,22.71,22.8,22.57,22.63,0.07,29143
2024-10-08,00878,52890147,1190044681,22.56,22.57,22.42,22.49,-0.14,36057
2024-10-09,00878,24264174,549764281,22.62,22.76,22.58,22.59,0.1,13793
2024-10-11,00878,32695830,744137609,22.62,22.82,22.62,22.73,0.14,20199
2024-10-14,00878,27421529,624328968,22.78,22.8,22.69,22.78,0.05,16377
2024-10-15,00878,39094100,898258223,22.81,23.03,22.81,23.01,0.23,21901
2024-10-16,00878,41233157,945138754,22.82,23.0,22.78,22.89,-0.12,25934
2024-10-17,00878,26571090,611875653,23.0,23.06,22.99,23.04,0.15,13204
2024-10-18,00878,52039861,1207917051,23.2,23.27,23.1,23.12,0.08,19561
2024-10-21,00878,32977483,763677841,23.17,23.27,23.1,23.11,-0.01,20036
2024-10-22,00878,27361427,632970767,23.11,23.23,22.94,23.18,0.07,14908
2024-10-23,00878,41975242,969409590,23.2,23.2,23.03,23.07,-0.11,26177
2024-10-24,00878,42662079,980897022,23.05,23.06,22.96,22.98,-0.09,27261
2024-10-25,00878,21691165,500717278,22.99,23.13,22.98,23.1,0.12,13347
2024-10-28,00878,34617831,800637564,23.14,23.19,23.07,23.13,0.03,19051
2024-10-29,00878,92464888,2115560496,23.07,23.07,22.8,22.92,-0.21,55476
2024-10-30,00878,40220009,921738581,22.96,23.02,22.87,22.87,-0.05,25768
2024-11-01,00878,107973115,2438276699,22.59,22.83,22.15,22.77,-0.1,52976
2024-11-04,00878,103597784,2367202019,22.9,22.92,22.77,22.85,0.08,37946
2024-11-05,00878,77527718,1777174507,22.84,23.02,22.8,22.99,0.14,28322
2024-11-06,00878,87912770,2033544649,23.02,23.2,23.02,23.04,0.05,29411
2024-11-07,00878,64247257,1489412199,23.05,23.29,23.04,23.19,0.15,22697
2024-11-08,00878,70119762,1631631131,23.4,23.4,23.17,23.2,0.01,26167
2024-11-11,00878,97518784,2258400428,23.21,23.25,23.09,23.17,-0.03,42440
2024-11-12,00878,239665548,5507657975,22.99,23.07,22.92,22.92,-0.25,101068
2024-11-13,00878,173685563,3979651411,22.88,23.0,22.78,22.92,0.0,61421
2024-11-14,00878,298445099,6804975679,22.95,22.95,22.72,22.74,-0.18,130455
2024-11-15,00878,285748071,6512559575,22.8,22.93,22.73,22.73,-0.01,95879
2024-11-18,00878,238762833,5289289781,22.22,22.26,22.06,22.06,0.0,144107
2024-11-19,00878,91487372,2026369626,22.08,22.27,22.06,22.16,0.1,39934
2024-11-20,00878,74212988,1644988151,22.22,22.27,22.11,22.13,-0.03,41176
2024-11-21,00878,78761030,1736931617,22.05,22.12,21.98,22.08,-0.05,39900
2024-11-22,00878,42723914,948769051,22.12,22.28,22.12,22.15,0.07,18389
2024-11-25,00878,37904061,847476411,22.35,22.41,22.3,22.3,0.15,21650
2024-11-26,00878,67299305,1492363901,22.2,22.28,22.05,22.18,-0.12,36494
2024-11-27,00878,150357109,3311937892,22.18,22.19,21.94,21.96,-0.22,100317
2024-11-28,00878,164887477,3592603889,21.96,21.97,21.74,21.74,-0.22,110198
2024-11-29,00878,77176000,1676809178,21.68,21.87,21.51,21.76,0.02,38167
2024-12-02,00878,46431998,1021376218,21.86,22.05,21.86,22.05,0.29,25174
2024-12-03,00878,67863445,1504528274,22.23,22.3,22.06,22.1,0.05,28345
2024-12-04,00878,37266817,825117668,22.17,22.18,22.08,22.18,0.08,14388
2024-12-05,00878,38866336,864302790,22.2,22.27,22.18,22.26,0.08,19523
2024-12-06,00878,41022932,916246923,22.26,22.38,22.23,22.35,0.09,18259
2024-12-09,00878,43476852,972220965,22.36,22.41,22.32,22.35,0.0,19476
2024-12-10,00878,37586669,838214098,22.35,22.42,22.25,22.26,-0.09,25838
2024-12-11,00878,43035290,955765491,22.22,22.28,22.17,22.17,-0.09,27125
2024-12-12,00878,28292967,629600889,22.2,22.29,22.18,22.25,0.08,17602
2024-12-13,00878,43909807,973973046,22.24,22.24,22.14,22.19,-0.06,30816
2024-12-16,00878,66780380,1481167041,22.2,22.28,22.08,22.09,-0.1,39051
2024-12-17,00878,25620266,567348825,22.09,22.2,22.09,22.1,0.01,16055
2024-12-18,00878,31878555,706404194,22.1,22.25,22.07,22.22,0.12,20261
2024-12-19,00878,72570509,1598519800,21.99,22.1,21.86,22.07,-0.15,41803
2024-12-20,00878,81204033,1785883405,22.04,22.06,21.95,21.99,-0.08,53579
2024-12-23,00878,33741680,749336021,22.08,22.27,22.08,22.22,0.23,16318
2024-12-24,00878,28177633,629311913,22.29,22.39,22.29,22.31,0.09,11926
2024-12-25,00878,22549179,504265937,22.34,22.4,22.34,22.37,0.06,13582
2024-12-26,00878,21431415,479708082,22.37,22.42,22.35,22.37,0.0,13061
2024-12-27,00878,24622794,551036658,22.37,22.41,22.32,22.4,0.03,11504
2024-12-30,00878,27402483,612428332,22.4,22.4,22.3,22.3,-0.1,19075
2024-12-31,00878,44501350,986209947,22.22,22.24,22.1,22.18,-0.12,29253
2025-01-02,00878,70137221,1549534372,22.16,22.21,22.05,22.07,-0.11,46620
2025-01-03,00878,30787887,682074589,22.2,22.22,22.1,22.13,0.06,16747
2025-01-06,00878,61979728,1388994129,22.23,22.47,22.23,22.42,0.29,27560
2025-01-07,00878,45975742,1034060662,22.48,22.57,22.45,22.48,0.06,16730
2025-01-08,00878,30403574,683066092,22.48,22.5,22.4,22.45,-0.03,16757
2025-01-09,00878,44882230,1001970258,22.45,22.46,22.2,22.2,-0.25,28980
2025-01-10,00878,78992281,1745539066,22.17,22.21,22.04,22.06,-0.14,53952
2025-01-13,00878,176569971,3852776780,22.0,22.04,21.66,21.79,-0.27,119599
2025-01-14,00878,41767240,913426865,21.79,21.96,21.79,21.94,0.15,24608
2025-01-15,00878,59011239,1291432021,21.94,22.0,21.81,21.82,-0.12,48729
2025-01-16,00878,34820442,768428236,22.0,22.14,21.99,21.99,0.17,16951
2025-01-17,00878,33818507,743693475,22.02,22.06,21.91,21.99,0.0,21658
2025-01-20,00878,34012028,753115490,22.03,22.19,22.03,22.15,0.16,21366
2025-01-21,00878,27667784,614313710,22.15,22.29,22.11,22.24,0.09,15935
2025-01-22,00878,36343806,809298412,22.27,22.31,22.23,22.28,0.04,18732
2025-02-03,00878,157292085,3464397731,21.97,22.18,21.72,22.15,-0.13,94945
2025-02-04,00878,103200922,2289132341,22.22,22.29,22.07,22.07,-0.08,54249
2025-02-05,00878,60530836,1349640415,22.22,22.38,22.21,22.26,0.19,26464
2025-02-06,00878,70583632,1573824043,22.32,22.34,22.25,22.3,0.04,25677
2025-02-07,00878,44155155,986974938,22.3,22.38,22.28,22.37,0.07,18697
2025-02-10,00878,84872084,1894474672,22.35,22.37,22.24,22.35,-0.02,41284
2025-02-11,00878,53396431,1197958364,22.41,22.5,22.4,22.41,0.06,22246
2025-02-12,00878,51082532,1148730801,22.45,22.54,22.45,22.46,0.05,19417
2025-02-13,00878,68817777,1558308197,22.54,22.71,22.49,22.7,0.24,23653
2025-02-14,00878,67139187,1521312766,22.7,22.71,22.62,22.64,-0.06,30124
2025-02-17,00878,90844114,2074267915,22.67,22.87,22.67,22.83,0.19,34340
2025-02-18,00878,84711635,1940465931,22.87,22.94,22.83,22.93,0.1,29644
2025-02-19,00878,138725262,3189790056,22.95,23.04,22.95,22.96,0.03,46511
2025-02-20,00878,143775727,3230694385,22.51,22.52,22.44,22.45,0.0,78928
2025-02-21,00878,48558561,1095880480,22.45,22.66,22.45,22.64,0.19,22383
2025-02-24,00878,52759377,1189714251,22.58,22.59,22.49,22.56,-0.08,34645
2025-02-25,00878,63599841,1429822312,22.47,22.58,22.39,22.52,-0.04,37030
2025-02-26,00878,43163599,972327450,22.49,22.66,22.4,22.65,0.13,20713
2025-02-27,00878,102321373,2298924220,22.64,22.65,22.4,22.4,-0.25,62273
2025-03-03,00878,125292976,2784959074,22.22,22.3,22.1,22.26,-0.14,80510
2025-03-04,00878,146955360,3242954606,22.03,22.23,21.97,22.16,-0.1,78131
2025-03-05,00878,39285145,875531664,22.18,22.37,22.18,22.33,0.17,23779
2025-03-06,00878,40769497,911001435,22.33,22.38,22.31,22.33,0.0,20020
2025-03-07,00878,58268857,1295357134,22.28,22.31,22.15,22.2,-0.13,38196
2025-03-10,00878,79739514,1765333708,22.2,22.23,22.06,22.13,-0.07,49097
2025-03-11,00878,265425899,5791718362,21.94,21.99,21.7,21.9,-0.23,143934
2025-03-12,00878,65984819,1445881074,21.9,21.94,21.87,21.9,0.0,40831
2025-03-13,00878,120917866,2642224778,22.05,22.05,21.77,21.77,-0.13,78744
2025-03-14,00878,107542164,2338377412,21.78,21.82,21.7,21.74,-0.03,63537
2025-03-17,00878,74535113,1628889365,21.8,21.92,21.8,21.81,0.07,35307
2025-03-18,00878,62532696,1376748119,21.93,22.07,21.93,22.0,0.19,28415
2025-03-19,00878,79196584,1739783314,22.01,22.07,21.88,21.88,-0.12,50858
2025-03-20,00878,42422562,934853096,21.97,22.09,21.97,22.04,0.16,21341
2025-03-21,00878,32626469,718375493,22.08,22.08,21.98,22.0,-0.04,19196
2025-03-24,00878,62342696,1370232829,22.09,22.1,21.93,21.93,-0.07,39129
2025-03-25,00878,50189612,1101247200,22.02,22.09,21.88,21.9,-0.03,33105
2025-03-26,00878,33879407,744638098,21.96,22.03,21.94,21.98,0.08,15197
2025-03-27,00878,112299571,2449358795,21.82,21.85,21.78,21.82,-0.16,64490
2025-03-28,00878,188293961,4082721164,21.75,21.76,21.62,21.69,-0.13,124902
2025-03-31,00878,331293612,7023007326,21.4,21.42,21.08,21.1,-0.59,203625
2025-04-01,00878,63290994,1349232669,21.14,21.42,21.14,21.38,0.28,33798
2025-04-02,00878,70637044,1507302214,21.43,21.44,21.27,21.27,-0.11,41750
2025-04-07,00878,168206741,3223116657,19.15,19.15,19.15,19.15,-2.12,140326
2025-04-08,00878,431365459,8066190882,18.39,19.01,18.39,18.74,-0.41,199322
2025-04-09,00878,348378833,6371505708,18.7,18.8,17.73,17.8,-0.94,200045
2025-04-10,00878,279958152,5481413567,19.58,19.58,19.54,19.58,1.78,63571
2025-04-11,00878,211429337,4084091485,18.89,19.69,18.6,19.68,0.1,79481
2025-04-14,00878,138047229,2760382165,20.06,20.18,19.83,19.87,0.19,62447
2025-04-15,00878,56756186,1141403997,19.98,20.22,19.91,20.17,0.3,31909
2025-04-16,00878,76494062,1529037519,20.05,20.06,19.91,19.99,-0.18,46142
2025-04-17,00878,61977684,1227646891,19.88,19.9,19.72,19.8,-0.19,43698
2025-04-18,00878,33920870,672997927,19.8,19.91,19.76,19.81,0.01,21784
2025-04-21,00878,47953196,945759320,19.8,19.81,19.67,19.69,-0.12,33323
2025-04-22,00878,59963949,1169978078,19.55,19.64,19.43,19.44,-0.25,41639
2025-04-23,00878,38702787,768703025,19.84,19.9,19.79,19.86,0.42,18146
2025-04-24,00878,47689908,943936433,19.92,19.92,19.71,19.72,-0.14,29388
2025-04-25,00878,44495979,893605907,20.01,20.14,20.01,20.09,0.37,20482
2025-04-28,00878,36997909,746670782,20.14,20.22,20.11,20.19,0.1,18546
2025-04-29,00878,34454965,697896572,20.19,20.32,20.16,20.29,0.1,15704
2025-04-30,00878,33383433,679382105,20.33,20.44,20.3,20.31,0.02,16901
2025-05-02,00878,66261188,1358137888,20.53,20.55,20.44,20.53,0.22,30020
2025-05-05,00878,93597275,1907129865,20.6,20.61,20.2,20.39,-0.14,49177
2025-05-06,00878,63045804,1289822451,20.35,20.54,20.3,20.44,0.05,24277
2025-05-07,00878,42514127,871340275,20.51,20.6,20.44,20.45,0.01,19447
2025-05-08,00878,45627478,937346345,20.5,20.59,20.49,20.52,0.07,20141
2025-05-09,00878,45919278,945187603,20.56,20.68,20.47,20.66,0.14,22038
2025-05-12,00878,70744467,1476433384,20.74,20.91,20.74,20.87,0.21,31725
2025-05-13,00878,78344036,1649664004,21.13,21.13,20.98,21.01,0.14,32234
2025-05-14,00878,74346090,1577494161,21.15,21.28,21.12,21.26,0.25,29577
2025-05-15,00878,105717665,2247103174,21.29,21.3,21.2,21.23,-0.03,44161
2025-05-16,00878,155844369,3312143498,21.25,21.32,21.21,21.26,0.03,48920
2025-05-19,00878,130129412,2692349854,20.72,20.77,20.61,20.61,0.0,82041
2025-05-20,00878,47668404,984039476,20.68,20.76,20.56,20.58,-0.03,32966
2025-05-21,00878,45951430,952041508,20.58,20.8,20.58,20.79,0.21,16952
2025-05-22,00878,31993167,661391083,20.7,20.73,20.62,20.68,-0.11,20314
2025-05-23,00878,38711797,798219305,20.69,20.7,20.59,20.6,-0.08,24143
2025-05-26,00878,36542130,750724582,20.6,20.6,20.5,20.55,-0.05,24978
2025-05-27,00878,43849626,896994887,20.55,20.55,20.42,20.42,-0.13,31128
2025-05-28,00878,34506902,705128677,20.57,20.58,20.34,20.43,0.01,23242
2025-05-29,00878,31697025,648797009,20.55,20.56,20.42,20.43,0.0,15868
2025-06-02,00878,102607063,2061275049,20.23,20.24,20.01,20.05,-0.38,74811
2025-06-03,00878,36655532,741028258,20.18,20.3,20.14,20.24,0.19,17108
2025-06-04,00878,40757975,834986688,20.39,20.57,20.37,20.49,0.25,16386
2025-06-05,00878,33251358,681909757,20.49,20.58,20.43,20.43,-0.06,20676
2025-06-06,00878,31946278,654820597,20.44,20.53,20.42,20.48,0.05,13766
2025-06-09,00878,29895051,614220576,20.56,20.57,20.5,20.53,0.05,15038
2025-06-10,00878,50714367,1049228779,20.58,20.75,20.58,20.7,0.17,20312
2025-06-11,00878,40222223,834711144,20.7,20.82,20.68,20.81,0.11,17257
2025-06-12,00878,36574122,761788516,20.8,20.86,20.77,20.84,0.03,13525
2025-06-13,00878,57504489,1197785041,20.76,20.9,20.7,20.84,0.0,24879
2025-06-16,00878,46310923,966164920,20.83,20.89,20.78,20.86,0.02,21926
2025-06-17,00878,33534407,701685710,20.92,21.0,20.86,20.87,0.01,17536
2025-06-18,00878,41226856,861063014,20.87,20.93,20.83,20.92,0.05,20780
2025-06-19,00878,25214234,525685448,20.92,20.96,20.8,20.81,-0.11,19156
2025-06-20,00878,27813222,576279593,20.79,20.84,20.65,20.7,-0.11,21249
2025-06-23,00878,41389760,849924214,20.53,20.61,20.44,20.59,-0.11,27204
2025-06-24,00878,32266808,673420609,20.8,20.94,20.78,20.89,0.3,11722
2025-06-25,00878,29470618,617812114,20.98,21.02,20.92,20.96,0.07,13583
2025-06-26,00878,38937625,816758311,20.96,21.04,20.91,20.92,-0.04,15931
2025-06-27,00878,27130086,567917140,20.94,20.98,20.89,20.95,0.03,11844
2025-06-30,00878,26238669,548710983,20.94,20.95,20.86,20.9,-0.05,14743
2025-07-01,00878,47165000,991755727,20.94,21.1,20.9,20.96,0.06,17532
2025-07-02,00878,24538088,515734624,20.96,21.06,20.95,21.04,0.08,10817
2025-07-03,00878,37023142,782153861,21.1,21.15,21.09,21.13,0.09,15550
2025-07-04,00878,33166865,698723549,21.13,21.2,21.0,21.0,-0.13,19470
2025-07-07,00878,39402699,826378142,21.01,21.05,20.87,20.97,-0.03,23690
2025-07-08,00878,39584728,826567049,20.96,20.96,20.82,20.87,-0.1,22660
2025-07-09,00878,25088432,524307637,20.87,20.95,20.82,20.94,0.07,11613
2025-07-10,00878,30291017,635863214,20.91,21.05,20.87,21.01,0.07,15381
2025-07-11,00878,27727718,584735575,21.01,21.12,21.01,21.09,0.08,13385
2025-07-14,00878,32854483,691596243,21.1,21.1,20.99,21.03,-0.06,19554
2025-07-15,00878,31779851,670575236,21.04,21.17,21.03,21.14,0.11,16905
2025-07-16,00878,37950541,804865136,21.12,21.25,21.09,21.2,0.06,19615
2025-07-17,00878,23701373,502939882,21.21,21.27,21.2,21.22,0.02,12478
2025-07-18,00878,32697682,694854654,21.25,21.34,21.21,21.24,0.02,17026
2025-07-21,00878,33633459,714890532,21.24,21.3,21.2,21.22,-0.02,21031
2025-07-22,00878,51660253,1092007364,21.23,21.29,21.02,21.03,-0.19,33193
2025-07-23,00878,29628880,627461633,21.1,21.21,21.1,21.19,0.16,13246
2025-07-24,00878,27613628,586351531,21.21,21.29,21.19,21.23,0.04,12193
2025-07-25,00878,27678481,587257914,21.22,21.24,21.2,21.21,-0.02,17095
2025-07-28,00878,39666432,842178512,21.22,21.26,21.17,21.25,0.04,18628
2025-07-29,00878,69590415,1469339103,21.25,21.25,21.03,21.1,-0.15,34260
2025-07-30,00878,42583516,897934486,21.12,21.13,21.03,21.11,0.01,19150
2025-07-31,00878,56100356,1179078756,21.0,21.07,20.92,21.05,-0.06,28588
2025-08-01,00878,81124835,1699288834,20.8,21.05,20.72,21.05,0.0,42166
2025-08-04,00878,54260682,1139421890,20.95,21.1,20.88,21.08,0.03,29301
2025-08-05,00878,41627248,882742134,21.15,21.28,21.11,21.25,0.17,20195
2025-08-06,00878,50139309,1065261194,21.24,21.28,21.19,21.24,-0.01,18955
2025-08-07,00878,53753578,1145331605,21.24,21.35,21.24,21.26,0.02,20459
2025-08-08,00878,42688346,907742598,21.27,21.29,21.25,21.26,0.0,20757
2025-08-11,00878,67397272,1429721974,21.24,21.25,21.15,21.24,-0.02,33950
2025-08-12,00878,45082865,958048270,21.24,21.28,21.24,21.24,0.0,20254
2025-08-13,00878,86449209,1833313249,21.29,21.3,21.13,21.2,-0.04,43494
2025-08-14,00878,61640981,1307696631,21.2,21.23,21.19,21.21,0.01,23294
2025-08-15,00878,134379984,2843166110,21.22,21.23,21.13,21.16,-0.05,57183
2025-08-18,00878,165510019,3429349158,20.77,20.78,20.68,20.72,0.0,97164
2025-08-19,00878,51879679,1072370183,20.7,20.71,20.64,20.68,-0.04,34215
2025-08-20,00878,135627767,2779280610,20.66,20.66,20.45,20.45,-0.23,94512
2025-08-21,00878,45399152,930673234,20.46,20.56,20.46,20.47,0.02,26648
2025-08-22,00878,51805691,1056969951,20.47,20.47,20.37,20.38,-0.09,40843
2025-08-25,00878,40040898,821464686,20.5,20.59,20.46,20.52,0.14,20482
2025-08-26,00878,32103366,656716479,20.52,20.52,20.43,20.45,-0.07,23565
2025-08-27,00878,34761071,711480412,20.46,20.5,20.45,20.46,0.01,18748
2025-08-28,00878,38790226,792916151,20.4,20.48,20.38,20.42,-0.04,24220
2025-08-29,00878,57091051,1163706550,20.45,20.47,20.35,20.35,-0.07,42326
2025-09-01,00878,84894436,1717219379,20.34,20.36,20.15,20.18,-0.17,54980
2025-09-02,00878,34296025,695333980,20.2,20.33,20.2,20.27,0.09,18240
2025-09-03,00878,25699597,521664211,20.3,20.32,20.27,20.27,0.0,15799
2025-09-04,00878,37011453,756448607,20.35,20.52,20.35,20.4,0.13,14080
2025-09-05,00878,33467980,685712269,20.49,20.52,20.45,20.5,0.1,16138
2025-09-08,00878,53717919,1107456836,20.59,20.67,20.56,20.64,0.14,21875
2025-09-09,00878,46502994,962793125,20.67,20.77,20.6,20.72,0.08,17872
2025-09-10,00878,78575911,1636844350,20.76,20.88,20.76,20.84,0.12,25647
2025-09-11,00878,82433003,1725344807,20.88,20.99,20.84,20.85,0.01,28552
2025-09-12,00878,65206046,1368591663,20.95,21.02,20.95,21.0,0.15,21295
2025-09-15,00878,69456400,1463030223,21.03,21.11,21.01,21.05,0.05,28420
2025-09-16,00878,48946481,1033712235,21.05,21.15,21.05,21.13,0.08,18742
2025-09-17,00878,36635617,771835363,21.13,21.13,21.01,21.03,-0.1,21424
2025-09-18,00878,70428568,1485969345,21.11,21.14,21.01,21.11,0.08,15193
2025-09-19,00878,88154033,1869681492,21.18,21.25,21.15,21.25,0.14,20033
2025-09-22,00878,67256271,1434989373,21.25,21.41,21.24,21.38,0.13,24593
2025-09-23,00878,64651475,1386287429,21.41,21.52,21.35,21.43,0.05,22568
2025-09-24,00878,41402294,885577991,21.44,21.48,21.34,21.38,-0.05,17336
2025-09-25,00878,32760492,701632639,21.4,21.49,21.36,21.38,0.0,16358
2025-09-26,00878,65423636,1384419364,21.36,21.36,21.07,21.23,-0.15,36433
2025-09-30,00878,36906080,788944778,21.39,21.51,21.3,21.36,0.13,16374
2025-10-01,00878,40144334,857207533,21.36,21.48,21.2,21.23,-0.13,22385
2025-10-02,00878,33014503,702341854,21.34,21.35,21.24,21.24,0.01,14287
2025-10-03,00878,42854756,910633230,21.28,21.3,21.2,21.27,0.03,18136
2025-10-07,00878,100106086,2146701471,21.3,21.54,21.29,21.47,0.2,33583
2025-10-08,00878,43383046,931425177,21.46,21.52,21.4,21.49,0.02,17894
2025-10-09,00878,41607258,896004672,21.62,21.66,21.49,21.52,0.03,16561
2025-10-13,00878,79701662,1691654070,21.1,21.32,21.09,21.31,-0.21,48860
2025-10-14,00878,55161311,1178689758,21.48,21.55,21.19,21.2,-0.11,28517
2025-10-15,00878,41209741,872896768,21.22,21.22,21.14,21.19,-0.01,29701
2025-10-16,00878,44234443,945257881,21.35,21.41,21.32,21.35,0.16,17131
2025-10-17,00878,41244865,883270310,21.4,21.49,21.34,21.36,0.01,15698
2025-10-20,00878,47868873,1026035390,21.45,21.48,21.38,21.46,0.1,21973
2025-10-21,00878,46622373,1005058087,21.56,21.6,21.5,21.5,0.04,17651
2025-10-22,00878,25404556,546408910,21.48,21.55,21.45,21.52,0.02,13037
2025-10-23,00878,23004544,494545724,21.48,21.52,21.43,21.51,-0.01,12967
2025-10-27,00878,63083429,1371605085,21.7,21.8,21.69,21.73,0.22,26218
2025-10-28,00878,29006647,628740023,21.73,21.74,21.64,21.66,-0.07,18530
2025-10-29,00878,46362751,1009890770,21.75,21.85,21.74,21.76,0.1,17782
2025-10-30,00878,51446681,1115494600,21.74,21.76,21.61,21.75,-0.01,27016
2025-10-31,00878,27283365,592538619,21.75,21.75,21.69,21.72,-0.03,14723
2025-11-03,00878,58562209,1271358903,21.7,21.77,21.67,21.69,-0.03,32104
2025-11-04,00878,70650903,1528247503,21.76,21.79,21.55,21.57,-0.12,36356
2025-11-05,00878,100706297,2147830159,21.46,21.46,21.21,21.46,-0.11,51135
2025-11-06,00878,44017567,948154889,21.53,21.61,21.47,21.55,0.09,19115
2025-11-07,00878,74602435,1593153152,21.39,21.4,21.32,21.33,-0.22,43221
2025-11-10,00878,41048706,876525362,21.34,21.39,21.3,21.34,0.01,23189
2025-11-11,00878,34307844,734543863,21.43,21.47,21.36,21.38,0.04,18581
2025-11-12,00878,37232138,797771252,21.4,21.48,21.4,21.4,0.02,20409
2025-11-13,00878,40610418,869669473,21.43,21.45,21.39,21.41,0.01,20714
2025-11-14,00878,104250029,2218713968,21.21,21.37,21.19,21.27,-0.14,56108
2025-11-17,00878,165361288,3497917294,21.26,21.27,21.1,21.11,-0.16,85548
2025-11-18,00878,209712770,4290769301,20.56,20.59,20.34,20.35,0.0,134066
2025-11-19,00878,79296371,1610901673,20.36,20.45,20.23,20.26,-0.09,47576
2025-11-20,00878,36052871,739884919,20.45,20.58,20.44,20.57,0.31,19543
2025-11-21,00878,68891590,1400749720,20.35,20.4,20.28,20.33,-0.24,42787
2025-11-24,00878,39670901,813085380,20.45,20.57,20.44,20.56,0.23,16493
2025-11-25,00878,29974118,616435731,20.62,20.65,20.47,20.54,-0.02,18757
2025-11-26,00878,32852825,681253255,20.63,20.81,20.63,20.75,0.21,14504
2025-11-27,00878,39931784,832193035,20.8,20.93,20.75,20.92,0.17,13616
2025-11-28,00878,31833206,664271428,20.9,20.94,20.82,20.83,-0.09,14241
2025-12-01,00878,34952016,730954048,20.83,20.98,20.83,20.86,0.03,16268
2025-12-02,00878,34118986,716657619,20.97,21.04,20.95,21.01,0.15,12753
2025-12-03,00878,28223549,594390371,21.08,21.12,21.01,21.05,0.04,12514
2025-12-04,00878,40047397,845401630,21.08,21.14,21.08,21.12,0.07,11204
2025-12-05,00878,38633748,817914223,21.12,21.21,21.12,21.2,0.08,16541
2025-12-08,00878,43310790,919799041,21.2,21.27,21.2,21.26,0.06,20039
2025-12-09,00878,30976788,658830670,21.31,21.34,21.23,21.27,0.01,13575
2025-12-10,00878,24390640,518436142,21.3,21.31,21.21,21.25,-0.02,17869
2025-12-11,00878,39544839,837527656,21.28,21.32,21.09,21.13,-0.12,24494
2025-12-12,00878,37795376,802739488,21.22,21.28,21.2,21.25,0.12,16537
2025-12-15,00878,35015396,741201685,21.13,21.24,21.04,21.21,-0.04,23904
2025-12-16,00878,52390186,1106202481,21.08,21.2,21.04,21.17,-0.04,37477
2025-12-17,00878,66416173,1419594760,21.2,21.46,21.19,21.35,0.18,19932
2025-12-18,00878,25653929,547059641,21.35,21.38,21.27,21.33,-0.02,12318
2025-12-19,00878,48660626,1043562229,21.35,21.5,21.34,21.49,0.16,14387
2025-12-22,00878,70536119,1527851198,21.62,21.72,21.6,21.69,0.2,23214
2025-12-23,00878,28719517,620446037,21.7,21.72,21.55,21.61,-0.08,15579
2025-12-24,00878,31165904,673991101,21.65,21.7,21.55,21.6,-0.01,13829
2025-12-26,00878,29157524,628640924,21.6,21.62,21.52,21.57,-0.03,19169
2025-12-29,00878,83460652,1811809998,21.57,21.77,21.55,21.73,0.16,24621
2025-12-30,00878,26736263,579397597,21.7,21.71,21.64,21.7,-0.03,13666
2025-12-31,00878,42629396,925289421,21.7,21.75,21.63,21.71,0.01,15086
2026-01-02,00878,77879430,1701368175,21.75,21.92,21.73,21.86,0.15,25769
2026-01-05,00878,130805646,2866029027,21.86,22.0,21.82,21.91,0.05,38021
2026-01-06,00878,97302737,2139396036,21.97,22.02,21.94,22.0,0.09,26892
2026-01-07,00878,118841862,2634392283,22.04,22.23,22.03,22.2,0.2,30409
2026-01-08,00878,62112086,1378338751,22.22,22.33,22.08,22.12,-0.08,22883
2026-01-09,00878,47819737,1056410511,22.12,22.19,21.96,22.1,-0.02,17771
2026-01-12,00878,84859652,1889041910,22.29,22.32,22.2,22.27,0.17,24885
2026-01-13,00878,78626106,1757653513,22.39,22.47,22.24,22.33,0.06,23739
2026-01-14,00878,54031599,1209560159,22.42,22.44,22.34,22.36,0.03,18503
2026-01-15,00878,52201737,1168216872,22.37,22.42,22.34,22.4,0.04,19860
2026-01-16,00878,111843418,2528994976,22.44,22.72,22.44,22.65,0.25,33233
2026-01-19,00878,86601573,1972554860,22.65,22.93,22.64,22.81,0.16,30027
2026-01-20,00878,58092800,1326060800,22.72,22.96,22.65,22.84,0.03,23441
2026-01-21,00878,77290063,1759582178,22.8,22.95,22.62,22.66,-0.18,29127
2026-01-22,00878,62052594,1424010664,22.95,23.02,22.81,22.88,0.22,18710
2026-01-23,00878,60484265,1390142992,23.04,23.11,22.88,22.98,0.1,22122
2026-01-26,00878,95639031,2215769236,23.04,23.29,23.02,23.28,0.3,32362
2026-01-27,00878,80483446,1888725612,23.34,23.56,23.32,23.49,0.21,26113
2026-01-28,00878,85691927,2015794690,23.58,23.63,23.47,23.51,0.02,25058
2026-01-29,00878,69347984,1614277314,23.4,23.4,23.19,23.29,-0.22,31685
2026-01-30,00878,97628439,2228743174,23.09,23.09,22.71,22.81,-0.48,53747
2026-02-02,00878,109312985,2453874912,22.64,22.66,22.33,22.47,-0.34,61093
2026-02-03,00878,57165286,1302020821,22.76,22.85,22.62,22.81,0.34,23593
2026-02-04,00878,46417364,1059406392,22.74,22.9,22.67,22.88,0.07,18512
2026-02-05,00878,61104008,1388855299,22.73,22.83,22.66,22.75,-0.13,36080
2026-02-06,00878,61395330,1387615702,22.68,22.78,22.43,22.7,-0.05,33755
2026-02-09,00878,102270560,2360353188,23.03,23.13,22.99,23.07,0.37,27362
2026-02-10,00878,96194230,2235175497,23.18,23.26,23.18,23.23,0.16,27560
2026-02-11,00878,93669300,2187135475,23.23,23.43,23.23,23.41,0.18,32918
2026-02-23,00878,127042385,3013431923,23.6,23.85,23.59,23.65,0.24,51062
2026-02-24,00878,121165506,2893102250,23.7,23.96,23.7,23.93,0.28,37281
2026-02-25,00878,146735389,3522467564,23.98,24.1,23.94,24.0,0.07,52022
2026-02-26,00878,90567714,2144443443,23.61,23.78,23.58,23.74,0.0,40637
2026-03-02,00878,95457466,2234266905,23.3,23.5,23.29,23.38,-0.36,59273
2026-03-03,00878,120216923,2777295712,23.35,23.4,22.94,22.95,-0.43,72411
2026-03-04,00878,166887686,3702592471,22.55,22.55,22.05,22.06,-0.89,104926
2026-03-05,00878,72527404,1625309220,22.5,22.58,22.22,22.4,0.34,32499
2026-03-06,00878,44091301,985274914,22.28,22.49,22.15,22.39,-0.01,23903
2026-03-09,00878,140318993,3024146170,21.55,21.75,21.28,21.75,-0.64,85470
2026-03-10,00878,60391607,1332710353,22.13,22.2,21.9,22.0,0.25,30926
2026-03-11,00878,50753268,1139941074,22.29,22.51,22.29,22.46,0.46,17397
2026-03-12,00878,42840422,956175350,22.39,22.46,22.22,22.27,-0.19,24418
2026-03-13,00878,42176424,940588727,22.18,22.42,22.12,22.3,0.03,16396
2026-03-16,00878,53885858,1208327893,22.42,22.52,22.31,22.43,0.13,20621
2026-03-17,00878,43317100,980420746,22.58,22.71,22.57,22.62,0.19,15009
2026-03-18,00878,44636916,1019096906,22.86,22.94,22.75,22.85,0.23,17722
2026-03-19,00878,50002943,1127263351,22.59,22.65,22.46,22.47,-0.38,33604
2026-03-20,00878,40976293,919944577,22.49,22.54,22.29,22.47,0.0,20097
2026-03-23,00878,84009751,1851319820,22.0,22.14,21.87,22.08,-0.39,52448
2026-03-24,00878,41084773,908912308,22.24,22.3,21.96,22.08,0.0,23284
2026-03-25,00878,35497236,796379412,22.38,22.52,22.35,22.44,0.36,19301
2026-03-26,00878,34144244,768886682,22.48,22.63,22.4,22.44,0.0,16143
